card_name,grader,grade,snapshot_date,population
Naruto Vol. 1 (1st Printing),cgc,cgc_9_8,2025-05-31,51
Naruto Vol. 1 (1st Printing),cgc,cgc_9_2,2025-05-31,215
Naruto Vol. 1 (1st Printing),cgc,cgc_6_5,2025-05-31,448
Naruto Vol. 1 (1st Printing),cgc,cgc_4_0,2025-05-31,381
Naruto Vol. 1 (1st Printing),cgc,cgc_9_8,2025-06-30,51
Naruto Vol. 1 (1st Printing),cgc,cgc_9_2,2025-06-30,216
Naruto Vol. 1 (1st Printing),cgc,cgc_6_5,2025-06-30,451
Naruto Vol. 1 (1st Printing),cgc,cgc_4_0,2025-06-30,383
Naruto Vol. 1 (1st Printing),cgc,cgc_9_8,2025-07-30,52
Naruto Vol. 1 (1st Printing),cgc,cgc_9_2,2025-07-30,218
Naruto Vol. 1 (1st Printing),cgc,cgc_6_5,2025-07-30,454
Naruto Vol. 1 (1st Printing),cgc,cgc_4_0,2025-07-30,386
Naruto Vol. 1 (1st Printing),cgc,cgc_9_8,2025-08-29,52
Naruto Vol. 1 (1st Printing),cgc,cgc_9_2,2025-08-29,219
Naruto Vol. 1 (1st Printing),cgc,cgc_6_5,2025-08-29,456
Naruto Vol. 1 (1st Printing),cgc,cgc_4_0,2025-08-29,388
Naruto Vol. 1 (1st Printing),cgc,cgc_9_8,2025-09-28,52
Naruto Vol. 1 (1st Printing),cgc,cgc_9_2,2025-09-28,220
Naruto Vol. 1 (1st Printing),cgc,cgc_6_5,2025-09-28,459
Naruto Vol. 1 (1st Printing),cgc,cgc_4_0,2025-09-28,390
Naruto Vol. 1 (1st Printing),cgc,cgc_9_8,2025-10-28,53
Naruto Vol. 1 (1st Printing),cgc,cgc_9_2,2025-10-28,222
Naruto Vol. 1 (1st Printing),cgc,cgc_6_5,2025-10-28,462
Naruto Vol. 1 (1st Printing),cgc,cgc_4_0,2025-10-28,392
Naruto Vol. 1 (1st Printing),cgc,cgc_9_8,2025-11-27,53
Naruto Vol. 1 (1st Printing),cgc,cgc_9_2,2025-11-27,223
Naruto Vol. 1 (1st Printing),cgc,cgc_6_5,2025-11-27,465
Naruto Vol. 1 (1st Printing),cgc,cgc_4_0,2025-11-27,395
Naruto Vol. 1 (1st Printing),cgc,cgc_9_8,2025-12-27,53
Naruto Vol. 1 (1st Printing),cgc,cgc_9_2,2025-12-27,224
Naruto Vol. 1 (1st Printing),cgc,cgc_6_5,2025-12-27,467
Naruto Vol. 1 (1st Printing),cgc,cgc_4_0,2025-12-27,397
Naruto Vol. 1 (1st Printing),cgc,cgc_9_8,2026-01-26,54
Naruto Vol. 1 (1st Printing),cgc,cgc_9_2,2026-01-26,226
Naruto Vol. 1 (1st Printing),cgc,cgc_6_5,2026-01-26,470
Naruto Vol. 1 (1st Printing),cgc,cgc_4_0,2026-01-26,400
Naruto Vol. 1 (1st Printing),cgc,cgc_9_8,2026-02-25,54
Naruto Vol. 1 (1st Printing),cgc,cgc_9_2,2026-02-25,227
Naruto Vol. 1 (1st Printing),cgc,cgc_6_5,2026-02-25,473
Naruto Vol. 1 (1st Printing),cgc,cgc_4_0,2026-02-25,402
Naruto Vol. 1 (1st Printing),cgc,cgc_9_8,2026-03-27,54
Naruto Vol. 1 (1st Printing),cgc,cgc_9_2,2026-03-27,228
Naruto Vol. 1 (1st Printing),cgc,cgc_6_5,2026-03-27,476
Naruto Vol. 1 (1st Printing),cgc,cgc_4_0,2026-03-27,404
Naruto Vol. 1 (1st Printing),cgc,cgc_9_8,2026-04-26,55
Naruto Vol. 1 (1st Printing),cgc,cgc_9_2,2026-04-26,230
Naruto Vol. 1 (1st Printing),cgc,cgc_6_5,2026-04-26,479
Naruto Vol. 1 (1st Printing),cgc,cgc_4_0,2026-04-26,407
Naruto Vol. 1 (1st Printing),cgc,cgc_9_8,2026-05-26,55
Naruto Vol. 1 (1st Printing),cgc,cgc_9_2,2026-05-26,231
Naruto Vol. 1 (1st Printing),cgc,cgc_6_5,2026-05-26,482
Naruto Vol. 1 (1st Printing),cgc,cgc_4_0,2026-05-26,409
Naruto Vol. 1 (1st Printing),cgc,cgc_9_8,2026-06-25,55
Naruto Vol. 1 (1st Printing),cgc,cgc_9_2,2026-06-25,232
Naruto Vol. 1 (1st Printing),cgc,cgc_6_5,2026-06-25,485
Naruto Vol. 1 (1st Printing),cgc,cgc_4_0,2026-06-25,412
Naruto Vol. 1 (1st Printing),cgc,cgc_9_8,2026-07-25,62
Naruto Vol. 1 (1st Printing),cgc,cgc_9_2,2026-07-25,260
Naruto Vol. 1 (1st Printing),cgc,cgc_6_5,2026-07-25,543
Naruto Vol. 1 (1st Printing),cgc,cgc_4_0,2026-07-25,461
One Piece Vol. 1 (1st Printing),cgc,cgc_9_8,2025-05-31,48
One Piece Vol. 1 (1st Printing),cgc,cgc_9_2,2025-05-31,261
One Piece Vol. 1 (1st Printing),cgc,cgc_6_5,2025-05-31,471
One Piece Vol. 1 (1st Printing),cgc,cgc_4_0,2025-05-31,351
One Piece Vol. 1 (1st Printing),cgc,cgc_9_8,2025-06-30,48
One Piece Vol. 1 (1st Printing),cgc,cgc_9_2,2025-06-30,263
One Piece Vol. 1 (1st Printing),cgc,cgc_6_5,2025-06-30,475
One Piece Vol. 1 (1st Printing),cgc,cgc_4_0,2025-06-30,354
One Piece Vol. 1 (1st Printing),cgc,cgc_9_8,2025-07-30,49
One Piece Vol. 1 (1st Printing),cgc,cgc_9_2,2025-07-30,265
One Piece Vol. 1 (1st Printing),cgc,cgc_6_5,2025-07-30,479
One Piece Vol. 1 (1st Printing),cgc,cgc_4_0,2025-07-30,356
One Piece Vol. 1 (1st Printing),cgc,cgc_9_8,2025-08-29,49
One Piece Vol. 1 (1st Printing),cgc,cgc_9_2,2025-08-29,267
One Piece Vol. 1 (1st Printing),cgc,cgc_6_5,2025-08-29,483
One Piece Vol. 1 (1st Printing),cgc,cgc_4_0,2025-08-29,359
One Piece Vol. 1 (1st Printing),cgc,cgc_9_8,2025-09-28,49
One Piece Vol. 1 (1st Printing),cgc,cgc_9_2,2025-09-28,269
One Piece Vol. 1 (1st Printing),cgc,cgc_6_5,2025-09-28,487
One Piece Vol. 1 (1st Printing),cgc,cgc_4_0,2025-09-28,362
One Piece Vol. 1 (1st Printing),cgc,cgc_9_8,2025-10-28,50
One Piece Vol. 1 (1st Printing),cgc,cgc_9_2,2025-10-28,272
One Piece Vol. 1 (1st Printing),cgc,cgc_6_5,2025-10-28,491
One Piece Vol. 1 (1st Printing),cgc,cgc_4_0,2025-10-28,365
One Piece Vol. 1 (1st Printing),cgc,cgc_9_8,2025-11-27,50
One Piece Vol. 1 (1st Printing),cgc,cgc_9_2,2025-11-27,274
One Piece Vol. 1 (1st Printing),cgc,cgc_6_5,2025-11-27,495
One Piece Vol. 1 (1st Printing),cgc,cgc_4_0,2025-11-27,368
One Piece Vol. 1 (1st Printing),cgc,cgc_9_8,2025-12-27,51
One Piece Vol. 1 (1st Printing),cgc,cgc_9_2,2025-12-27,276
One Piece Vol. 1 (1st Printing),cgc,cgc_6_5,2025-12-27,498
One Piece Vol. 1 (1st Printing),cgc,cgc_4_0,2025-12-27,371
One Piece Vol. 1 (1st Printing),cgc,cgc_9_8,2026-01-26,51
One Piece Vol. 1 (1st Printing),cgc,cgc_9_2,2026-01-26,278
One Piece Vol. 1 (1st Printing),cgc,cgc_6_5,2026-01-26,502
One Piece Vol. 1 (1st Printing),cgc,cgc_4_0,2026-01-26,374
One Piece Vol. 1 (1st Printing),cgc,cgc_9_8,2026-02-25,51
One Piece Vol. 1 (1st Printing),cgc,cgc_9_2,2026-02-25,280
One Piece Vol. 1 (1st Printing),cgc,cgc_6_5,2026-02-25,507
One Piece Vol. 1 (1st Printing),cgc,cgc_4_0,2026-02-25,377
One Piece Vol. 1 (1st Printing),cgc,cgc_9_8,2026-03-27,52
One Piece Vol. 1 (1st Printing),cgc,cgc_9_2,2026-03-27,283
One Piece Vol. 1 (1st Printing),cgc,cgc_6_5,2026-03-27,511
One Piece Vol. 1 (1st Printing),cgc,cgc_4_0,2026-03-27,380
One Piece Vol. 1 (1st Printing),cgc,cgc_9_8,2026-04-26,52
One Piece Vol. 1 (1st Printing),cgc,cgc_9_2,2026-04-26,285
One Piece Vol. 1 (1st Printing),cgc,cgc_6_5,2026-04-26,515
One Piece Vol. 1 (1st Printing),cgc,cgc_4_0,2026-04-26,383
One Piece Vol. 1 (1st Printing),cgc,cgc_9_8,2026-05-26,53
One Piece Vol. 1 (1st Printing),cgc,cgc_9_2,2026-05-26,287
One Piece Vol. 1 (1st Printing),cgc,cgc_6_5,2026-05-26,519
One Piece Vol. 1 (1st Printing),cgc,cgc_4_0,2026-05-26,386
One Piece Vol. 1 (1st Printing),cgc,cgc_9_8,2026-06-25,53
One Piece Vol. 1 (1st Printing),cgc,cgc_9_2,2026-06-25,289
One Piece Vol. 1 (1st Printing),cgc,cgc_6_5,2026-06-25,523
One Piece Vol. 1 (1st Printing),cgc,cgc_4_0,2026-06-25,389
One Piece Vol. 1 (1st Printing),cgc,cgc_9_8,2026-07-25,53
One Piece Vol. 1 (1st Printing),cgc,cgc_9_2,2026-07-25,292
One Piece Vol. 1 (1st Printing),cgc,cgc_6_5,2026-07-25,527
One Piece Vol. 1 (1st Printing),cgc,cgc_4_0,2026-07-25,392
Berserk Vol. 1 (1st Printing),cgc,cgc_9_8,2025-05-31,36
Berserk Vol. 1 (1st Printing),cgc,cgc_9_2,2025-05-31,206
Berserk Vol. 1 (1st Printing),cgc,cgc_6_5,2025-05-31,428
Berserk Vol. 1 (1st Printing),cgc,cgc_4_0,2025-05-31,426
Berserk Vol. 1 (1st Printing),cgc,cgc_9_8,2025-06-30,37
Berserk Vol. 1 (1st Printing),cgc,cgc_9_2,2025-06-30,207
Berserk Vol. 1 (1st Printing),cgc,cgc_6_5,2025-06-30,431
Berserk Vol. 1 (1st Printing),cgc,cgc_4_0,2025-06-30,429
Berserk Vol. 1 (1st Printing),cgc,cgc_9_8,2025-07-30,37
Berserk Vol. 1 (1st Printing),cgc,cgc_9_2,2025-07-30,209
Berserk Vol. 1 (1st Printing),cgc,cgc_6_5,2025-07-30,434
Berserk Vol. 1 (1st Printing),cgc,cgc_4_0,2025-07-30,432
Berserk Vol. 1 (1st Printing),cgc,cgc_9_8,2025-08-29,37
Berserk Vol. 1 (1st Printing),cgc,cgc_9_2,2025-08-29,210
Berserk Vol. 1 (1st Printing),cgc,cgc_6_5,2025-08-29,437
Berserk Vol. 1 (1st Printing),cgc,cgc_4_0,2025-08-29,435
Berserk Vol. 1 (1st Printing),cgc,cgc_9_8,2025-09-28,37
Berserk Vol. 1 (1st Printing),cgc,cgc_9_2,2025-09-28,212
Berserk Vol. 1 (1st Printing),cgc,cgc_6_5,2025-09-28,440
Berserk Vol. 1 (1st Printing),cgc,cgc_4_0,2025-09-28,438
Berserk Vol. 1 (1st Printing),cgc,cgc_9_8,2025-10-28,38
Berserk Vol. 1 (1st Printing),cgc,cgc_9_2,2025-10-28,213
Berserk Vol. 1 (1st Printing),cgc,cgc_6_5,2025-10-28,443
Berserk Vol. 1 (1st Printing),cgc,cgc_4_0,2025-10-28,441
Berserk Vol. 1 (1st Printing),cgc,cgc_9_8,2025-11-27,38
Berserk Vol. 1 (1st Printing),cgc,cgc_9_2,2025-11-27,215
Berserk Vol. 1 (1st Printing),cgc,cgc_6_5,2025-11-27,446
Berserk Vol. 1 (1st Printing),cgc,cgc_4_0,2025-11-27,444
Berserk Vol. 1 (1st Printing),cgc,cgc_9_8,2025-12-27,38
Berserk Vol. 1 (1st Printing),cgc,cgc_9_2,2025-12-27,216
Berserk Vol. 1 (1st Printing),cgc,cgc_6_5,2025-12-27,450
Berserk Vol. 1 (1st Printing),cgc,cgc_4_0,2025-12-27,447
Berserk Vol. 1 (1st Printing),cgc,cgc_9_8,2026-01-26,38
Berserk Vol. 1 (1st Printing),cgc,cgc_9_2,2026-01-26,218
Berserk Vol. 1 (1st Printing),cgc,cgc_6_5,2026-01-26,453
Berserk Vol. 1 (1st Printing),cgc,cgc_4_0,2026-01-26,450
Berserk Vol. 1 (1st Printing),cgc,cgc_9_8,2026-02-25,39
Berserk Vol. 1 (1st Printing),cgc,cgc_9_2,2026-02-25,219
Berserk Vol. 1 (1st Printing),cgc,cgc_6_5,2026-02-25,456
Berserk Vol. 1 (1st Printing),cgc,cgc_4_0,2026-02-25,453
Berserk Vol. 1 (1st Printing),cgc,cgc_9_8,2026-03-27,39
Berserk Vol. 1 (1st Printing),cgc,cgc_9_2,2026-03-27,221
Berserk Vol. 1 (1st Printing),cgc,cgc_6_5,2026-03-27,459
Berserk Vol. 1 (1st Printing),cgc,cgc_4_0,2026-03-27,456
Berserk Vol. 1 (1st Printing),cgc,cgc_9_8,2026-04-26,39
Berserk Vol. 1 (1st Printing),cgc,cgc_9_2,2026-04-26,222
Berserk Vol. 1 (1st Printing),cgc,cgc_6_5,2026-04-26,462
Berserk Vol. 1 (1st Printing),cgc,cgc_4_0,2026-04-26,460
Berserk Vol. 1 (1st Printing),cgc,cgc_9_8,2026-05-26,40
Berserk Vol. 1 (1st Printing),cgc,cgc_9_2,2026-05-26,224
Berserk Vol. 1 (1st Printing),cgc,cgc_6_5,2026-05-26,466
Berserk Vol. 1 (1st Printing),cgc,cgc_4_0,2026-05-26,463
Berserk Vol. 1 (1st Printing),cgc,cgc_9_8,2026-06-25,42
Berserk Vol. 1 (1st Printing),cgc,cgc_9_2,2026-06-25,235
Berserk Vol. 1 (1st Printing),cgc,cgc_6_5,2026-06-25,489
Berserk Vol. 1 (1st Printing),cgc,cgc_4_0,2026-06-25,486
Berserk Vol. 1 (1st Printing),cgc,cgc_9_8,2026-07-25,44
Berserk Vol. 1 (1st Printing),cgc,cgc_9_2,2026-07-25,247
Berserk Vol. 1 (1st Printing),cgc,cgc_6_5,2026-07-25,513
Berserk Vol. 1 (1st Printing),cgc,cgc_4_0,2026-07-25,510
Fullmetal Alchemist Vol. 1 (1st Printing),cgc,cgc_9_8,2025-05-31,41
Fullmetal Alchemist Vol. 1 (1st Printing),cgc,cgc_9_2,2025-05-31,176
Fullmetal Alchemist Vol. 1 (1st Printing),cgc,cgc_6_5,2025-05-31,421
Fullmetal Alchemist Vol. 1 (1st Printing),cgc,cgc_4_0,2025-05-31,354
Fullmetal Alchemist Vol. 1 (1st Printing),cgc,cgc_9_8,2025-06-30,41
Fullmetal Alchemist Vol. 1 (1st Printing),cgc,cgc_9_2,2025-06-30,178
Fullmetal Alchemist Vol. 1 (1st Printing),cgc,cgc_6_5,2025-06-30,424
Fullmetal Alchemist Vol. 1 (1st Printing),cgc,cgc_4_0,2025-06-30,357
Fullmetal Alchemist Vol. 1 (1st Printing),cgc,cgc_9_8,2025-07-30,41
Fullmetal Alchemist Vol. 1 (1st Printing),cgc,cgc_9_2,2025-07-30,179
Fullmetal Alchemist Vol. 1 (1st Printing),cgc,cgc_6_5,2025-07-30,427
Fullmetal Alchemist Vol. 1 (1st Printing),cgc,cgc_4_0,2025-07-30,360
Fullmetal Alchemist Vol. 1 (1st Printing),cgc,cgc_9_8,2025-08-29,42
Fullmetal Alchemist Vol. 1 (1st Printing),cgc,cgc_9_2,2025-08-29,180
Fullmetal Alchemist Vol. 1 (1st Printing),cgc,cgc_6_5,2025-08-29,431
Fullmetal Alchemist Vol. 1 (1st Printing),cgc,cgc_4_0,2025-08-29,363
Fullmetal Alchemist Vol. 1 (1st Printing),cgc,cgc_9_8,2025-09-28,42
Fullmetal Alchemist Vol. 1 (1st Printing),cgc,cgc_9_2,2025-09-28,182
Fullmetal Alchemist Vol. 1 (1st Printing),cgc,cgc_6_5,2025-09-28,434
Fullmetal Alchemist Vol. 1 (1st Printing),cgc,cgc_4_0,2025-09-28,366
Fullmetal Alchemist Vol. 1 (1st Printing),cgc,cgc_9_8,2025-10-28,42
Fullmetal Alchemist Vol. 1 (1st Printing),cgc,cgc_9_2,2025-10-28,183
Fullmetal Alchemist Vol. 1 (1st Printing),cgc,cgc_6_5,2025-10-28,438
Fullmetal Alchemist Vol. 1 (1st Printing),cgc,cgc_4_0,2025-10-28,369
Fullmetal Alchemist Vol. 1 (1st Printing),cgc,cgc_9_8,2025-11-27,43
Fullmetal Alchemist Vol. 1 (1st Printing),cgc,cgc_9_2,2025-11-27,185
Fullmetal Alchemist Vol. 1 (1st Printing),cgc,cgc_6_5,2025-11-27,441
Fullmetal Alchemist Vol. 1 (1st Printing),cgc,cgc_4_0,2025-11-27,372
Fullmetal Alchemist Vol. 1 (1st Printing),cgc,cgc_9_8,2025-12-27,43
Fullmetal Alchemist Vol. 1 (1st Printing),cgc,cgc_9_2,2025-12-27,186
Fullmetal Alchemist Vol. 1 (1st Printing),cgc,cgc_6_5,2025-12-27,445
Fullmetal Alchemist Vol. 1 (1st Printing),cgc,cgc_4_0,2025-12-27,375
Fullmetal Alchemist Vol. 1 (1st Printing),cgc,cgc_9_8,2026-01-26,43
Fullmetal Alchemist Vol. 1 (1st Printing),cgc,cgc_9_2,2026-01-26,188
Fullmetal Alchemist Vol. 1 (1st Printing),cgc,cgc_6_5,2026-01-26,448
Fullmetal Alchemist Vol. 1 (1st Printing),cgc,cgc_4_0,2026-01-26,378
Fullmetal Alchemist Vol. 1 (1st Printing),cgc,cgc_9_8,2026-02-25,44
Fullmetal Alchemist Vol. 1 (1st Printing),cgc,cgc_9_2,2026-02-25,189
Fullmetal Alchemist Vol. 1 (1st Printing),cgc,cgc_6_5,2026-02-25,452
Fullmetal Alchemist Vol. 1 (1st Printing),cgc,cgc_4_0,2026-02-25,381
Fullmetal Alchemist Vol. 1 (1st Printing),cgc,cgc_9_8,2026-03-27,44
Fullmetal Alchemist Vol. 1 (1st Printing),cgc,cgc_9_2,2026-03-27,191
Fullmetal Alchemist Vol. 1 (1st Printing),cgc,cgc_6_5,2026-03-27,455
Fullmetal Alchemist Vol. 1 (1st Printing),cgc,cgc_4_0,2026-03-27,384
Fullmetal Alchemist Vol. 1 (1st Printing),cgc,cgc_9_8,2026-04-26,44
Fullmetal Alchemist Vol. 1 (1st Printing),cgc,cgc_9_2,2026-04-26,192
Fullmetal Alchemist Vol. 1 (1st Printing),cgc,cgc_6_5,2026-04-26,459
Fullmetal Alchemist Vol. 1 (1st Printing),cgc,cgc_4_0,2026-04-26,387
Fullmetal Alchemist Vol. 1 (1st Printing),cgc,cgc_9_8,2026-05-26,45
Fullmetal Alchemist Vol. 1 (1st Printing),cgc,cgc_9_2,2026-05-26,194
Fullmetal Alchemist Vol. 1 (1st Printing),cgc,cgc_6_5,2026-05-26,463
Fullmetal Alchemist Vol. 1 (1st Printing),cgc,cgc_4_0,2026-05-26,390
Fullmetal Alchemist Vol. 1 (1st Printing),cgc,cgc_9_8,2026-06-25,45
Fullmetal Alchemist Vol. 1 (1st Printing),cgc,cgc_9_2,2026-06-25,195
Fullmetal Alchemist Vol. 1 (1st Printing),cgc,cgc_6_5,2026-06-25,466
Fullmetal Alchemist Vol. 1 (1st Printing),cgc,cgc_4_0,2026-06-25,393
Fullmetal Alchemist Vol. 1 (1st Printing),cgc,cgc_9_8,2026-07-25,45
Fullmetal Alchemist Vol. 1 (1st Printing),cgc,cgc_9_2,2026-07-25,197
Fullmetal Alchemist Vol. 1 (1st Printing),cgc,cgc_6_5,2026-07-25,470
Fullmetal Alchemist Vol. 1 (1st Printing),cgc,cgc_4_0,2026-07-25,396
Death Note Vol. 1 (1st Printing),cgc,cgc_9_8,2025-05-31,50
Death Note Vol. 1 (1st Printing),cgc,cgc_9_2,2025-05-31,204
Death Note Vol. 1 (1st Printing),cgc,cgc_6_5,2025-05-31,507
Death Note Vol. 1 (1st Printing),cgc,cgc_4_0,2025-05-31,410
Death Note Vol. 1 (1st Printing),cgc,cgc_9_8,2025-06-30,51
Death Note Vol. 1 (1st Printing),cgc,cgc_9_2,2025-06-30,205
Death Note Vol. 1 (1st Printing),cgc,cgc_6_5,2025-06-30,510
Death Note Vol. 1 (1st Printing),cgc,cgc_4_0,2025-06-30,412
Death Note Vol. 1 (1st Printing),cgc,cgc_9_8,2025-07-30,51
Death Note Vol. 1 (1st Printing),cgc,cgc_9_2,2025-07-30,206
Death Note Vol. 1 (1st Printing),cgc,cgc_6_5,2025-07-30,512
Death Note Vol. 1 (1st Printing),cgc,cgc_4_0,2025-07-30,414
Death Note Vol. 1 (1st Printing),cgc,cgc_9_8,2025-08-29,51
Death Note Vol. 1 (1st Printing),cgc,cgc_9_2,2025-08-29,207
Death Note Vol. 1 (1st Printing),cgc,cgc_6_5,2025-08-29,515
Death Note Vol. 1 (1st Printing),cgc,cgc_4_0,2025-08-29,416
Death Note Vol. 1 (1st Printing),cgc,cgc_9_8,2025-09-28,51
Death Note Vol. 1 (1st Printing),cgc,cgc_9_2,2025-09-28,208
Death Note Vol. 1 (1st Printing),cgc,cgc_6_5,2025-09-28,517
Death Note Vol. 1 (1st Printing),cgc,cgc_4_0,2025-09-28,418
Death Note Vol. 1 (1st Printing),cgc,cgc_9_8,2025-10-28,52
Death Note Vol. 1 (1st Printing),cgc,cgc_9_2,2025-10-28,209
Death Note Vol. 1 (1st Printing),cgc,cgc_6_5,2025-10-28,520
Death Note Vol. 1 (1st Printing),cgc,cgc_4_0,2025-10-28,420
Death Note Vol. 1 (1st Printing),cgc,cgc_9_8,2025-11-27,52
Death Note Vol. 1 (1st Printing),cgc,cgc_9_2,2025-11-27,210
Death Note Vol. 1 (1st Printing),cgc,cgc_6_5,2025-11-27,523
Death Note Vol. 1 (1st Printing),cgc,cgc_4_0,2025-11-27,422
Death Note Vol. 1 (1st Printing),cgc,cgc_9_8,2025-12-27,52
Death Note Vol. 1 (1st Printing),cgc,cgc_9_2,2025-12-27,211
Death Note Vol. 1 (1st Printing),cgc,cgc_6_5,2025-12-27,525
Death Note Vol. 1 (1st Printing),cgc,cgc_4_0,2025-12-27,424
Death Note Vol. 1 (1st Printing),cgc,cgc_9_8,2026-01-26,52
Death Note Vol. 1 (1st Printing),cgc,cgc_9_2,2026-01-26,212
Death Note Vol. 1 (1st Printing),cgc,cgc_6_5,2026-01-26,528
Death Note Vol. 1 (1st Printing),cgc,cgc_4_0,2026-01-26,426
Death Note Vol. 1 (1st Printing),cgc,cgc_9_8,2026-02-25,53
Death Note Vol. 1 (1st Printing),cgc,cgc_9_2,2026-02-25,213
Death Note Vol. 1 (1st Printing),cgc,cgc_6_5,2026-02-25,530
Death Note Vol. 1 (1st Printing),cgc,cgc_4_0,2026-02-25,428
Death Note Vol. 1 (1st Printing),cgc,cgc_9_8,2026-03-27,53
Death Note Vol. 1 (1st Printing),cgc,cgc_9_2,2026-03-27,214
Death Note Vol. 1 (1st Printing),cgc,cgc_6_5,2026-03-27,533
Death Note Vol. 1 (1st Printing),cgc,cgc_4_0,2026-03-27,431
Death Note Vol. 1 (1st Printing),cgc,cgc_9_8,2026-04-26,53
Death Note Vol. 1 (1st Printing),cgc,cgc_9_2,2026-04-26,215
Death Note Vol. 1 (1st Printing),cgc,cgc_6_5,2026-04-26,536
Death Note Vol. 1 (1st Printing),cgc,cgc_4_0,2026-04-26,433
Death Note Vol. 1 (1st Printing),cgc,cgc_9_8,2026-05-26,54
Death Note Vol. 1 (1st Printing),cgc,cgc_9_2,2026-05-26,216
Death Note Vol. 1 (1st Printing),cgc,cgc_6_5,2026-05-26,538
Death Note Vol. 1 (1st Printing),cgc,cgc_4_0,2026-05-26,435
Death Note Vol. 1 (1st Printing),cgc,cgc_9_8,2026-06-25,54
Death Note Vol. 1 (1st Printing),cgc,cgc_9_2,2026-06-25,217
Death Note Vol. 1 (1st Printing),cgc,cgc_6_5,2026-06-25,541
Death Note Vol. 1 (1st Printing),cgc,cgc_4_0,2026-06-25,437
Death Note Vol. 1 (1st Printing),cgc,cgc_9_8,2026-07-25,54
Death Note Vol. 1 (1st Printing),cgc,cgc_9_2,2026-07-25,219
Death Note Vol. 1 (1st Printing),cgc,cgc_6_5,2026-07-25,544
Death Note Vol. 1 (1st Printing),cgc,cgc_4_0,2026-07-25,439
Slam Dunk Vol. 1 (1st Printing),cgc,cgc_9_8,2025-05-31,45
Slam Dunk Vol. 1 (1st Printing),cgc,cgc_9_2,2025-05-31,232
Slam Dunk Vol. 1 (1st Printing),cgc,cgc_6_5,2025-05-31,622
Slam Dunk Vol. 1 (1st Printing),cgc,cgc_4_0,2025-05-31,322
Slam Dunk Vol. 1 (1st Printing),cgc,cgc_9_8,2025-06-30,46
Slam Dunk Vol. 1 (1st Printing),cgc,cgc_9_2,2025-06-30,233
Slam Dunk Vol. 1 (1st Printing),cgc,cgc_6_5,2025-06-30,626
Slam Dunk Vol. 1 (1st Printing),cgc,cgc_4_0,2025-06-30,324
Slam Dunk Vol. 1 (1st Printing),cgc,cgc_9_8,2025-07-30,46
Slam Dunk Vol. 1 (1st Printing),cgc,cgc_9_2,2025-07-30,234
Slam Dunk Vol. 1 (1st Printing),cgc,cgc_6_5,2025-07-30,629
Slam Dunk Vol. 1 (1st Printing),cgc,cgc_4_0,2025-07-30,325
Slam Dunk Vol. 1 (1st Printing),cgc,cgc_9_8,2025-08-29,46
Slam Dunk Vol. 1 (1st Printing),cgc,cgc_9_2,2025-08-29,235
Slam Dunk Vol. 1 (1st Printing),cgc,cgc_6_5,2025-08-29,632
Slam Dunk Vol. 1 (1st Printing),cgc,cgc_4_0,2025-08-29,327
Slam Dunk Vol. 1 (1st Printing),cgc,cgc_9_8,2025-09-28,46
Slam Dunk Vol. 1 (1st Printing),cgc,cgc_9_2,2025-09-28,237
Slam Dunk Vol. 1 (1st Printing),cgc,cgc_6_5,2025-09-28,635
Slam Dunk Vol. 1 (1st Printing),cgc,cgc_4_0,2025-09-28,329
Slam Dunk Vol. 1 (1st Printing),cgc,cgc_9_8,2025-10-28,46
Slam Dunk Vol. 1 (1st Printing),cgc,cgc_9_2,2025-10-28,238
Slam Dunk Vol. 1 (1st Printing),cgc,cgc_6_5,2025-10-28,638
Slam Dunk Vol. 1 (1st Printing),cgc,cgc_4_0,2025-10-28,330
Slam Dunk Vol. 1 (1st Printing),cgc,cgc_9_8,2025-11-27,47
Slam Dunk Vol. 1 (1st Printing),cgc,cgc_9_2,2025-11-27,239
Slam Dunk Vol. 1 (1st Printing),cgc,cgc_6_5,2025-11-27,641
Slam Dunk Vol. 1 (1st Printing),cgc,cgc_4_0,2025-11-27,332
Slam Dunk Vol. 1 (1st Printing),cgc,cgc_9_8,2025-12-27,47
Slam Dunk Vol. 1 (1st Printing),cgc,cgc_9_2,2025-12-27,240
Slam Dunk Vol. 1 (1st Printing),cgc,cgc_6_5,2025-12-27,645
Slam Dunk Vol. 1 (1st Printing),cgc,cgc_4_0,2025-12-27,333
Slam Dunk Vol. 1 (1st Printing),cgc,cgc_9_8,2026-01-26,47
Slam Dunk Vol. 1 (1st Printing),cgc,cgc_9_2,2026-01-26,241
Slam Dunk Vol. 1 (1st Printing),cgc,cgc_6_5,2026-01-26,648
Slam Dunk Vol. 1 (1st Printing),cgc,cgc_4_0,2026-01-26,335
Slam Dunk Vol. 1 (1st Printing),cgc,cgc_9_8,2026-02-25,47
Slam Dunk Vol. 1 (1st Printing),cgc,cgc_9_2,2026-02-25,243
Slam Dunk Vol. 1 (1st Printing),cgc,cgc_6_5,2026-02-25,651
Slam Dunk Vol. 1 (1st Printing),cgc,cgc_4_0,2026-02-25,337
Slam Dunk Vol. 1 (1st Printing),cgc,cgc_9_8,2026-03-27,48
Slam Dunk Vol. 1 (1st Printing),cgc,cgc_9_2,2026-03-27,244
Slam Dunk Vol. 1 (1st Printing),cgc,cgc_6_5,2026-03-27,654
Slam Dunk Vol. 1 (1st Printing),cgc,cgc_4_0,2026-03-27,338
Slam Dunk Vol. 1 (1st Printing),cgc,cgc_9_8,2026-04-26,48
Slam Dunk Vol. 1 (1st Printing),cgc,cgc_9_2,2026-04-26,245
Slam Dunk Vol. 1 (1st Printing),cgc,cgc_6_5,2026-04-26,658
Slam Dunk Vol. 1 (1st Printing),cgc,cgc_4_0,2026-04-26,340
Slam Dunk Vol. 1 (1st Printing),cgc,cgc_9_8,2026-05-26,48
Slam Dunk Vol. 1 (1st Printing),cgc,cgc_9_2,2026-05-26,246
Slam Dunk Vol. 1 (1st Printing),cgc,cgc_6_5,2026-05-26,661
Slam Dunk Vol. 1 (1st Printing),cgc,cgc_4_0,2026-05-26,342
Slam Dunk Vol. 1 (1st Printing),cgc,cgc_9_8,2026-06-25,48
Slam Dunk Vol. 1 (1st Printing),cgc,cgc_9_2,2026-06-25,247
Slam Dunk Vol. 1 (1st Printing),cgc,cgc_6_5,2026-06-25,664
Slam Dunk Vol. 1 (1st Printing),cgc,cgc_4_0,2026-06-25,344
Slam Dunk Vol. 1 (1st Printing),cgc,cgc_9_8,2026-07-25,49
Slam Dunk Vol. 1 (1st Printing),cgc,cgc_9_2,2026-07-25,249
Slam Dunk Vol. 1 (1st Printing),cgc,cgc_6_5,2026-07-25,667
Slam Dunk Vol. 1 (1st Printing),cgc,cgc_4_0,2026-07-25,345
Dragon Ball Carddass Hondan Part 1 No.1 Son Goku (Prism),psa,psa_10,2025-05-31,40
Dragon Ball Carddass Hondan Part 1 No.1 Son Goku (Prism),psa,psa_9,2025-05-31,191
Dragon Ball Carddass Hondan Part 1 No.1 Son Goku (Prism),psa,psa_7,2025-05-31,473
Dragon Ball Carddass Hondan Part 1 No.1 Son Goku (Prism),psa,psa_4,2025-05-31,408
Dragon Ball Carddass Hondan Part 1 No.1 Son Goku (Prism),psa,psa_2,2025-05-31,419
Dragon Ball Carddass Hondan Part 1 No.1 Son Goku (Prism),psa,psa_10,2025-06-30,40
Dragon Ball Carddass Hondan Part 1 No.1 Son Goku (Prism),psa,psa_9,2025-06-30,192
Dragon Ball Carddass Hondan Part 1 No.1 Son Goku (Prism),psa,psa_7,2025-06-30,476
Dragon Ball Carddass Hondan Part 1 No.1 Son Goku (Prism),psa,psa_4,2025-06-30,411
Dragon Ball Carddass Hondan Part 1 No.1 Son Goku (Prism),psa,psa_2,2025-06-30,421
Dragon Ball Carddass Hondan Part 1 No.1 Son Goku (Prism),psa,psa_10,2025-07-30,40
Dragon Ball Carddass Hondan Part 1 No.1 Son Goku (Prism),psa,psa_9,2025-07-30,193
Dragon Ball Carddass Hondan Part 1 No.1 Son Goku (Prism),psa,psa_7,2025-07-30,479
Dragon Ball Carddass Hondan Part 1 No.1 Son Goku (Prism),psa,psa_4,2025-07-30,414
Dragon Ball Carddass Hondan Part 1 No.1 Son Goku (Prism),psa,psa_2,2025-07-30,424
Dragon Ball Carddass Hondan Part 1 No.1 Son Goku (Prism),psa,psa_10,2025-08-29,41
Dragon Ball Carddass Hondan Part 1 No.1 Son Goku (Prism),psa,psa_9,2025-08-29,195
Dragon Ball Carddass Hondan Part 1 No.1 Son Goku (Prism),psa,psa_7,2025-08-29,483
Dragon Ball Carddass Hondan Part 1 No.1 Son Goku (Prism),psa,psa_4,2025-08-29,417
Dragon Ball Carddass Hondan Part 1 No.1 Son Goku (Prism),psa,psa_2,2025-08-29,427
Dragon Ball Carddass Hondan Part 1 No.1 Son Goku (Prism),psa,psa_10,2025-09-28,41
Dragon Ball Carddass Hondan Part 1 No.1 Son Goku (Prism),psa,psa_9,2025-09-28,196
Dragon Ball Carddass Hondan Part 1 No.1 Son Goku (Prism),psa,psa_7,2025-09-28,486
Dragon Ball Carddass Hondan Part 1 No.1 Son Goku (Prism),psa,psa_4,2025-09-28,420
Dragon Ball Carddass Hondan Part 1 No.1 Son Goku (Prism),psa,psa_2,2025-09-28,430
Dragon Ball Carddass Hondan Part 1 No.1 Son Goku (Prism),psa,psa_10,2025-10-28,41
Dragon Ball Carddass Hondan Part 1 No.1 Son Goku (Prism),psa,psa_9,2025-10-28,197
Dragon Ball Carddass Hondan Part 1 No.1 Son Goku (Prism),psa,psa_7,2025-10-28,489
Dragon Ball Carddass Hondan Part 1 No.1 Son Goku (Prism),psa,psa_4,2025-10-28,423
Dragon Ball Carddass Hondan Part 1 No.1 Son Goku (Prism),psa,psa_2,2025-10-28,433
Dragon Ball Carddass Hondan Part 1 No.1 Son Goku (Prism),psa,psa_10,2025-11-27,41
Dragon Ball Carddass Hondan Part 1 No.1 Son Goku (Prism),psa,psa_9,2025-11-27,199
Dragon Ball Carddass Hondan Part 1 No.1 Son Goku (Prism),psa,psa_7,2025-11-27,493
Dragon Ball Carddass Hondan Part 1 No.1 Son Goku (Prism),psa,psa_4,2025-11-27,426
Dragon Ball Carddass Hondan Part 1 No.1 Son Goku (Prism),psa,psa_2,2025-11-27,436
Dragon Ball Carddass Hondan Part 1 No.1 Son Goku (Prism),psa,psa_10,2025-12-27,42
Dragon Ball Carddass Hondan Part 1 No.1 Son Goku (Prism),psa,psa_9,2025-12-27,200
Dragon Ball Carddass Hondan Part 1 No.1 Son Goku (Prism),psa,psa_7,2025-12-27,496
Dragon Ball Carddass Hondan Part 1 No.1 Son Goku (Prism),psa,psa_4,2025-12-27,429
Dragon Ball Carddass Hondan Part 1 No.1 Son Goku (Prism),psa,psa_2,2025-12-27,439
Dragon Ball Carddass Hondan Part 1 No.1 Son Goku (Prism),psa,psa_10,2026-01-26,42
Dragon Ball Carddass Hondan Part 1 No.1 Son Goku (Prism),psa,psa_9,2026-01-26,201
Dragon Ball Carddass Hondan Part 1 No.1 Son Goku (Prism),psa,psa_7,2026-01-26,500
Dragon Ball Carddass Hondan Part 1 No.1 Son Goku (Prism),psa,psa_4,2026-01-26,432
Dragon Ball Carddass Hondan Part 1 No.1 Son Goku (Prism),psa,psa_2,2026-01-26,443
Dragon Ball Carddass Hondan Part 1 No.1 Son Goku (Prism),psa,psa_10,2026-02-25,42
Dragon Ball Carddass Hondan Part 1 No.1 Son Goku (Prism),psa,psa_9,2026-02-25,203
Dragon Ball Carddass Hondan Part 1 No.1 Son Goku (Prism),psa,psa_7,2026-02-25,503
Dragon Ball Carddass Hondan Part 1 No.1 Son Goku (Prism),psa,psa_4,2026-02-25,435
Dragon Ball Carddass Hondan Part 1 No.1 Son Goku (Prism),psa,psa_2,2026-02-25,446
Dragon Ball Carddass Hondan Part 1 No.1 Son Goku (Prism),psa,psa_10,2026-03-27,43
Dragon Ball Carddass Hondan Part 1 No.1 Son Goku (Prism),psa,psa_9,2026-03-27,204
Dragon Ball Carddass Hondan Part 1 No.1 Son Goku (Prism),psa,psa_7,2026-03-27,507
Dragon Ball Carddass Hondan Part 1 No.1 Son Goku (Prism),psa,psa_4,2026-03-27,438
Dragon Ball Carddass Hondan Part 1 No.1 Son Goku (Prism),psa,psa_2,2026-03-27,449
Dragon Ball Carddass Hondan Part 1 No.1 Son Goku (Prism),psa,psa_10,2026-04-26,43
Dragon Ball Carddass Hondan Part 1 No.1 Son Goku (Prism),psa,psa_9,2026-04-26,206
Dragon Ball Carddass Hondan Part 1 No.1 Son Goku (Prism),psa,psa_7,2026-04-26,510
Dragon Ball Carddass Hondan Part 1 No.1 Son Goku (Prism),psa,psa_4,2026-04-26,441
Dragon Ball Carddass Hondan Part 1 No.1 Son Goku (Prism),psa,psa_2,2026-04-26,452
Dragon Ball Carddass Hondan Part 1 No.1 Son Goku (Prism),psa,psa_10,2026-05-26,43
Dragon Ball Carddass Hondan Part 1 No.1 Son Goku (Prism),psa,psa_9,2026-05-26,207
Dragon Ball Carddass Hondan Part 1 No.1 Son Goku (Prism),psa,psa_7,2026-05-26,514
Dragon Ball Carddass Hondan Part 1 No.1 Son Goku (Prism),psa,psa_4,2026-05-26,444
Dragon Ball Carddass Hondan Part 1 No.1 Son Goku (Prism),psa,psa_2,2026-05-26,455
Dragon Ball Carddass Hondan Part 1 No.1 Son Goku (Prism),psa,psa_10,2026-06-25,45
Dragon Ball Carddass Hondan Part 1 No.1 Son Goku (Prism),psa,psa_9,2026-06-25,218
Dragon Ball Carddass Hondan Part 1 No.1 Son Goku (Prism),psa,psa_7,2026-06-25,539
Dragon Ball Carddass Hondan Part 1 No.1 Son Goku (Prism),psa,psa_4,2026-06-25,466
Dragon Ball Carddass Hondan Part 1 No.1 Son Goku (Prism),psa,psa_2,2026-06-25,478
Dragon Ball Carddass Hondan Part 1 No.1 Son Goku (Prism),psa,psa_10,2026-07-25,48
Dragon Ball Carddass Hondan Part 1 No.1 Son Goku (Prism),psa,psa_9,2026-07-25,228
Dragon Ball Carddass Hondan Part 1 No.1 Son Goku (Prism),psa,psa_7,2026-07-25,566
Dragon Ball Carddass Hondan Part 1 No.1 Son Goku (Prism),psa,psa_4,2026-07-25,489
Dragon Ball Carddass Hondan Part 1 No.1 Son Goku (Prism),psa,psa_2,2026-07-25,502
Dragon Ball Carddass Hondan Part 1 No.18 Son Gohan,psa,psa_10,2025-05-31,44
Dragon Ball Carddass Hondan Part 1 No.18 Son Gohan,psa,psa_9,2025-05-31,220
Dragon Ball Carddass Hondan Part 1 No.18 Son Gohan,psa,psa_7,2025-05-31,607
Dragon Ball Carddass Hondan Part 1 No.18 Son Gohan,psa,psa_4,2025-05-31,331
Dragon Ball Carddass Hondan Part 1 No.18 Son Gohan,psa,psa_2,2025-05-31,351
Dragon Ball Carddass Hondan Part 1 No.18 Son Gohan,psa,psa_10,2025-06-30,44
Dragon Ball Carddass Hondan Part 1 No.18 Son Gohan,psa,psa_9,2025-06-30,221
Dragon Ball Carddass Hondan Part 1 No.18 Son Gohan,psa,psa_7,2025-06-30,610
Dragon Ball Carddass Hondan Part 1 No.18 Son Gohan,psa,psa_4,2025-06-30,333
Dragon Ball Carddass Hondan Part 1 No.18 Son Gohan,psa,psa_2,2025-06-30,353
Dragon Ball Carddass Hondan Part 1 No.18 Son Gohan,psa,psa_10,2025-07-30,44
Dragon Ball Carddass Hondan Part 1 No.18 Son Gohan,psa,psa_9,2025-07-30,222
Dragon Ball Carddass Hondan Part 1 No.18 Son Gohan,psa,psa_7,2025-07-30,613
Dragon Ball Carddass Hondan Part 1 No.18 Son Gohan,psa,psa_4,2025-07-30,334
Dragon Ball Carddass Hondan Part 1 No.18 Son Gohan,psa,psa_2,2025-07-30,355
Dragon Ball Carddass Hondan Part 1 No.18 Son Gohan,psa,psa_10,2025-08-29,44
Dragon Ball Carddass Hondan Part 1 No.18 Son Gohan,psa,psa_9,2025-08-29,224
Dragon Ball Carddass Hondan Part 1 No.18 Son Gohan,psa,psa_7,2025-08-29,616
Dragon Ball Carddass Hondan Part 1 No.18 Son Gohan,psa,psa_4,2025-08-29,336
Dragon Ball Carddass Hondan Part 1 No.18 Son Gohan,psa,psa_2,2025-08-29,357
Dragon Ball Carddass Hondan Part 1 No.18 Son Gohan,psa,psa_10,2025-09-28,44
Dragon Ball Carddass Hondan Part 1 No.18 Son Gohan,psa,psa_9,2025-09-28,225
Dragon Ball Carddass Hondan Part 1 No.18 Son Gohan,psa,psa_7,2025-09-28,619
Dragon Ball Carddass Hondan Part 1 No.18 Son Gohan,psa,psa_4,2025-09-28,338
Dragon Ball Carddass Hondan Part 1 No.18 Son Gohan,psa,psa_2,2025-09-28,358
Dragon Ball Carddass Hondan Part 1 No.18 Son Gohan,psa,psa_10,2025-10-28,45
Dragon Ball Carddass Hondan Part 1 No.18 Son Gohan,psa,psa_9,2025-10-28,226
Dragon Ball Carddass Hondan Part 1 No.18 Son Gohan,psa,psa_7,2025-10-28,622
Dragon Ball Carddass Hondan Part 1 No.18 Son Gohan,psa,psa_4,2025-10-28,339
Dragon Ball Carddass Hondan Part 1 No.18 Son Gohan,psa,psa_2,2025-10-28,360
Dragon Ball Carddass Hondan Part 1 No.18 Son Gohan,psa,psa_10,2025-11-27,45
Dragon Ball Carddass Hondan Part 1 No.18 Son Gohan,psa,psa_9,2025-11-27,227
Dragon Ball Carddass Hondan Part 1 No.18 Son Gohan,psa,psa_7,2025-11-27,625
Dragon Ball Carddass Hondan Part 1 No.18 Son Gohan,psa,psa_4,2025-11-27,341
Dragon Ball Carddass Hondan Part 1 No.18 Son Gohan,psa,psa_2,2025-11-27,362
Dragon Ball Carddass Hondan Part 1 No.18 Son Gohan,psa,psa_10,2025-12-27,45
Dragon Ball Carddass Hondan Part 1 No.18 Son Gohan,psa,psa_9,2025-12-27,228
Dragon Ball Carddass Hondan Part 1 No.18 Son Gohan,psa,psa_7,2025-12-27,629
Dragon Ball Carddass Hondan Part 1 No.18 Son Gohan,psa,psa_4,2025-12-27,343
Dragon Ball Carddass Hondan Part 1 No.18 Son Gohan,psa,psa_2,2025-12-27,364
Dragon Ball Carddass Hondan Part 1 No.18 Son Gohan,psa,psa_10,2026-01-26,45
Dragon Ball Carddass Hondan Part 1 No.18 Son Gohan,psa,psa_9,2026-01-26,229
Dragon Ball Carddass Hondan Part 1 No.18 Son Gohan,psa,psa_7,2026-01-26,632
Dragon Ball Carddass Hondan Part 1 No.18 Son Gohan,psa,psa_4,2026-01-26,345
Dragon Ball Carddass Hondan Part 1 No.18 Son Gohan,psa,psa_2,2026-01-26,366
Dragon Ball Carddass Hondan Part 1 No.18 Son Gohan,psa,psa_10,2026-02-25,46
Dragon Ball Carddass Hondan Part 1 No.18 Son Gohan,psa,psa_9,2026-02-25,230
Dragon Ball Carddass Hondan Part 1 No.18 Son Gohan,psa,psa_7,2026-02-25,635
Dragon Ball Carddass Hondan Part 1 No.18 Son Gohan,psa,psa_4,2026-02-25,346
Dragon Ball Carddass Hondan Part 1 No.18 Son Gohan,psa,psa_2,2026-02-25,367
Dragon Ball Carddass Hondan Part 1 No.18 Son Gohan,psa,psa_10,2026-03-27,46
Dragon Ball Carddass Hondan Part 1 No.18 Son Gohan,psa,psa_9,2026-03-27,231
Dragon Ball Carddass Hondan Part 1 No.18 Son Gohan,psa,psa_7,2026-03-27,638
Dragon Ball Carddass Hondan Part 1 No.18 Son Gohan,psa,psa_4,2026-03-27,348
Dragon Ball Carddass Hondan Part 1 No.18 Son Gohan,psa,psa_2,2026-03-27,369
Dragon Ball Carddass Hondan Part 1 No.18 Son Gohan,psa,psa_10,2026-04-26,46
Dragon Ball Carddass Hondan Part 1 No.18 Son Gohan,psa,psa_9,2026-04-26,233
Dragon Ball Carddass Hondan Part 1 No.18 Son Gohan,psa,psa_7,2026-04-26,641
Dragon Ball Carddass Hondan Part 1 No.18 Son Gohan,psa,psa_4,2026-04-26,350
Dragon Ball Carddass Hondan Part 1 No.18 Son Gohan,psa,psa_2,2026-04-26,371
Dragon Ball Carddass Hondan Part 1 No.18 Son Gohan,psa,psa_10,2026-05-26,46
Dragon Ball Carddass Hondan Part 1 No.18 Son Gohan,psa,psa_9,2026-05-26,234
Dragon Ball Carddass Hondan Part 1 No.18 Son Gohan,psa,psa_7,2026-05-26,644
Dragon Ball Carddass Hondan Part 1 No.18 Son Gohan,psa,psa_4,2026-05-26,352
Dragon Ball Carddass Hondan Part 1 No.18 Son Gohan,psa,psa_2,2026-05-26,373
Dragon Ball Carddass Hondan Part 1 No.18 Son Gohan,psa,psa_10,2026-06-25,46
Dragon Ball Carddass Hondan Part 1 No.18 Son Gohan,psa,psa_9,2026-06-25,235
Dragon Ball Carddass Hondan Part 1 No.18 Son Gohan,psa,psa_7,2026-06-25,648
Dragon Ball Carddass Hondan Part 1 No.18 Son Gohan,psa,psa_4,2026-06-25,353
Dragon Ball Carddass Hondan Part 1 No.18 Son Gohan,psa,psa_2,2026-06-25,375
Dragon Ball Carddass Hondan Part 1 No.18 Son Gohan,psa,psa_10,2026-07-25,47
Dragon Ball Carddass Hondan Part 1 No.18 Son Gohan,psa,psa_9,2026-07-25,236
Dragon Ball Carddass Hondan Part 1 No.18 Son Gohan,psa,psa_7,2026-07-25,651
Dragon Ball Carddass Hondan Part 1 No.18 Son Gohan,psa,psa_4,2026-07-25,355
Dragon Ball Carddass Hondan Part 1 No.18 Son Gohan,psa,psa_2,2026-07-25,377
Dragon Ball Carddass Hondan Part 2 No.47 Vegeta (Prism),psa,psa_10,2025-05-31,43
Dragon Ball Carddass Hondan Part 2 No.47 Vegeta (Prism),psa,psa_9,2025-05-31,182
Dragon Ball Carddass Hondan Part 2 No.47 Vegeta (Prism),psa,psa_7,2025-05-31,457
Dragon Ball Carddass Hondan Part 2 No.47 Vegeta (Prism),psa,psa_4,2025-05-31,445
Dragon Ball Carddass Hondan Part 2 No.47 Vegeta (Prism),psa,psa_2,2025-05-31,363
Dragon Ball Carddass Hondan Part 2 No.47 Vegeta (Prism),psa,psa_10,2025-06-30,43
Dragon Ball Carddass Hondan Part 2 No.47 Vegeta (Prism),psa,psa_9,2025-06-30,184
Dragon Ball Carddass Hondan Part 2 No.47 Vegeta (Prism),psa,psa_7,2025-06-30,461
Dragon Ball Carddass Hondan Part 2 No.47 Vegeta (Prism),psa,psa_4,2025-06-30,448
Dragon Ball Carddass Hondan Part 2 No.47 Vegeta (Prism),psa,psa_2,2025-06-30,366
Dragon Ball Carddass Hondan Part 2 No.47 Vegeta (Prism),psa,psa_10,2025-07-30,43
Dragon Ball Carddass Hondan Part 2 No.47 Vegeta (Prism),psa,psa_9,2025-07-30,185
Dragon Ball Carddass Hondan Part 2 No.47 Vegeta (Prism),psa,psa_7,2025-07-30,464
Dragon Ball Carddass Hondan Part 2 No.47 Vegeta (Prism),psa,psa_4,2025-07-30,452
Dragon Ball Carddass Hondan Part 2 No.47 Vegeta (Prism),psa,psa_2,2025-07-30,369
Dragon Ball Carddass Hondan Part 2 No.47 Vegeta (Prism),psa,psa_10,2025-08-29,44
Dragon Ball Carddass Hondan Part 2 No.47 Vegeta (Prism),psa,psa_9,2025-08-29,187
Dragon Ball Carddass Hondan Part 2 No.47 Vegeta (Prism),psa,psa_7,2025-08-29,468
Dragon Ball Carddass Hondan Part 2 No.47 Vegeta (Prism),psa,psa_4,2025-08-29,455
Dragon Ball Carddass Hondan Part 2 No.47 Vegeta (Prism),psa,psa_2,2025-08-29,372
Dragon Ball Carddass Hondan Part 2 No.47 Vegeta (Prism),psa,psa_10,2025-09-28,44
Dragon Ball Carddass Hondan Part 2 No.47 Vegeta (Prism),psa,psa_9,2025-09-28,188
Dragon Ball Carddass Hondan Part 2 No.47 Vegeta (Prism),psa,psa_7,2025-09-28,472
Dragon Ball Carddass Hondan Part 2 No.47 Vegeta (Prism),psa,psa_4,2025-09-28,459
Dragon Ball Carddass Hondan Part 2 No.47 Vegeta (Prism),psa,psa_2,2025-09-28,375
Dragon Ball Carddass Hondan Part 2 No.47 Vegeta (Prism),psa,psa_10,2025-10-28,44
Dragon Ball Carddass Hondan Part 2 No.47 Vegeta (Prism),psa,psa_9,2025-10-28,190
Dragon Ball Carddass Hondan Part 2 No.47 Vegeta (Prism),psa,psa_7,2025-10-28,476
Dragon Ball Carddass Hondan Part 2 No.47 Vegeta (Prism),psa,psa_4,2025-10-28,463
Dragon Ball Carddass Hondan Part 2 No.47 Vegeta (Prism),psa,psa_2,2025-10-28,378
Dragon Ball Carddass Hondan Part 2 No.47 Vegeta (Prism),psa,psa_10,2025-11-27,45
Dragon Ball Carddass Hondan Part 2 No.47 Vegeta (Prism),psa,psa_9,2025-11-27,191
Dragon Ball Carddass Hondan Part 2 No.47 Vegeta (Prism),psa,psa_7,2025-11-27,479
Dragon Ball Carddass Hondan Part 2 No.47 Vegeta (Prism),psa,psa_4,2025-11-27,466
Dragon Ball Carddass Hondan Part 2 No.47 Vegeta (Prism),psa,psa_2,2025-11-27,381
Dragon Ball Carddass Hondan Part 2 No.47 Vegeta (Prism),psa,psa_10,2025-12-27,45
Dragon Ball Carddass Hondan Part 2 No.47 Vegeta (Prism),psa,psa_9,2025-12-27,193
Dragon Ball Carddass Hondan Part 2 No.47 Vegeta (Prism),psa,psa_7,2025-12-27,483
Dragon Ball Carddass Hondan Part 2 No.47 Vegeta (Prism),psa,psa_4,2025-12-27,470
Dragon Ball Carddass Hondan Part 2 No.47 Vegeta (Prism),psa,psa_2,2025-12-27,384
Dragon Ball Carddass Hondan Part 2 No.47 Vegeta (Prism),psa,psa_10,2026-01-26,45
Dragon Ball Carddass Hondan Part 2 No.47 Vegeta (Prism),psa,psa_9,2026-01-26,194
Dragon Ball Carddass Hondan Part 2 No.47 Vegeta (Prism),psa,psa_7,2026-01-26,487
Dragon Ball Carddass Hondan Part 2 No.47 Vegeta (Prism),psa,psa_4,2026-01-26,474
Dragon Ball Carddass Hondan Part 2 No.47 Vegeta (Prism),psa,psa_2,2026-01-26,387
Dragon Ball Carddass Hondan Part 2 No.47 Vegeta (Prism),psa,psa_10,2026-02-25,46
Dragon Ball Carddass Hondan Part 2 No.47 Vegeta (Prism),psa,psa_9,2026-02-25,196
Dragon Ball Carddass Hondan Part 2 No.47 Vegeta (Prism),psa,psa_7,2026-02-25,491
Dragon Ball Carddass Hondan Part 2 No.47 Vegeta (Prism),psa,psa_4,2026-02-25,478
Dragon Ball Carddass Hondan Part 2 No.47 Vegeta (Prism),psa,psa_2,2026-02-25,390
Dragon Ball Carddass Hondan Part 2 No.47 Vegeta (Prism),psa,psa_10,2026-03-27,46
Dragon Ball Carddass Hondan Part 2 No.47 Vegeta (Prism),psa,psa_9,2026-03-27,197
Dragon Ball Carddass Hondan Part 2 No.47 Vegeta (Prism),psa,psa_7,2026-03-27,495
Dragon Ball Carddass Hondan Part 2 No.47 Vegeta (Prism),psa,psa_4,2026-03-27,481
Dragon Ball Carddass Hondan Part 2 No.47 Vegeta (Prism),psa,psa_2,2026-03-27,393
Dragon Ball Carddass Hondan Part 2 No.47 Vegeta (Prism),psa,psa_10,2026-04-26,47
Dragon Ball Carddass Hondan Part 2 No.47 Vegeta (Prism),psa,psa_9,2026-04-26,199
Dragon Ball Carddass Hondan Part 2 No.47 Vegeta (Prism),psa,psa_7,2026-04-26,499
Dragon Ball Carddass Hondan Part 2 No.47 Vegeta (Prism),psa,psa_4,2026-04-26,485
Dragon Ball Carddass Hondan Part 2 No.47 Vegeta (Prism),psa,psa_2,2026-04-26,396
Dragon Ball Carddass Hondan Part 2 No.47 Vegeta (Prism),psa,psa_10,2026-05-26,47
Dragon Ball Carddass Hondan Part 2 No.47 Vegeta (Prism),psa,psa_9,2026-05-26,200
Dragon Ball Carddass Hondan Part 2 No.47 Vegeta (Prism),psa,psa_7,2026-05-26,503
Dragon Ball Carddass Hondan Part 2 No.47 Vegeta (Prism),psa,psa_4,2026-05-26,489
Dragon Ball Carddass Hondan Part 2 No.47 Vegeta (Prism),psa,psa_2,2026-05-26,399
Dragon Ball Carddass Hondan Part 2 No.47 Vegeta (Prism),psa,psa_10,2026-06-25,47
Dragon Ball Carddass Hondan Part 2 No.47 Vegeta (Prism),psa,psa_9,2026-06-25,202
Dragon Ball Carddass Hondan Part 2 No.47 Vegeta (Prism),psa,psa_7,2026-06-25,507
Dragon Ball Carddass Hondan Part 2 No.47 Vegeta (Prism),psa,psa_4,2026-06-25,493
Dragon Ball Carddass Hondan Part 2 No.47 Vegeta (Prism),psa,psa_2,2026-06-25,402
Dragon Ball Carddass Hondan Part 2 No.47 Vegeta (Prism),psa,psa_10,2026-07-25,48
Dragon Ball Carddass Hondan Part 2 No.47 Vegeta (Prism),psa,psa_9,2026-07-25,204
Dragon Ball Carddass Hondan Part 2 No.47 Vegeta (Prism),psa,psa_7,2026-07-25,511
Dragon Ball Carddass Hondan Part 2 No.47 Vegeta (Prism),psa,psa_4,2026-07-25,497
Dragon Ball Carddass Hondan Part 2 No.47 Vegeta (Prism),psa,psa_2,2026-07-25,406
Dragon Ball Carddass Hondan Part 3 No.100 Frieza (Prism),psa,psa_10,2025-05-31,46
Dragon Ball Carddass Hondan Part 3 No.100 Frieza (Prism),psa,psa_9,2025-05-31,223
Dragon Ball Carddass Hondan Part 3 No.100 Frieza (Prism),psa,psa_7,2025-05-31,544
Dragon Ball Carddass Hondan Part 3 No.100 Frieza (Prism),psa,psa_4,2025-05-31,348
Dragon Ball Carddass Hondan Part 3 No.100 Frieza (Prism),psa,psa_2,2025-05-31,355
Dragon Ball Carddass Hondan Part 3 No.100 Frieza (Prism),psa,psa_10,2025-06-30,46
Dragon Ball Carddass Hondan Part 3 No.100 Frieza (Prism),psa,psa_9,2025-06-30,224
Dragon Ball Carddass Hondan Part 3 No.100 Frieza (Prism),psa,psa_7,2025-06-30,547
Dragon Ball Carddass Hondan Part 3 No.100 Frieza (Prism),psa,psa_4,2025-06-30,350
Dragon Ball Carddass Hondan Part 3 No.100 Frieza (Prism),psa,psa_2,2025-06-30,357
Dragon Ball Carddass Hondan Part 3 No.100 Frieza (Prism),psa,psa_10,2025-07-30,46
Dragon Ball Carddass Hondan Part 3 No.100 Frieza (Prism),psa,psa_9,2025-07-30,225
Dragon Ball Carddass Hondan Part 3 No.100 Frieza (Prism),psa,psa_7,2025-07-30,550
Dragon Ball Carddass Hondan Part 3 No.100 Frieza (Prism),psa,psa_4,2025-07-30,351
Dragon Ball Carddass Hondan Part 3 No.100 Frieza (Prism),psa,psa_2,2025-07-30,359
Dragon Ball Carddass Hondan Part 3 No.100 Frieza (Prism),psa,psa_10,2025-08-29,46
Dragon Ball Carddass Hondan Part 3 No.100 Frieza (Prism),psa,psa_9,2025-08-29,226
Dragon Ball Carddass Hondan Part 3 No.100 Frieza (Prism),psa,psa_7,2025-08-29,553
Dragon Ball Carddass Hondan Part 3 No.100 Frieza (Prism),psa,psa_4,2025-08-29,353
Dragon Ball Carddass Hondan Part 3 No.100 Frieza (Prism),psa,psa_2,2025-08-29,361
Dragon Ball Carddass Hondan Part 3 No.100 Frieza (Prism),psa,psa_10,2025-09-28,46
Dragon Ball Carddass Hondan Part 3 No.100 Frieza (Prism),psa,psa_9,2025-09-28,228
Dragon Ball Carddass Hondan Part 3 No.100 Frieza (Prism),psa,psa_7,2025-09-28,555
Dragon Ball Carddass Hondan Part 3 No.100 Frieza (Prism),psa,psa_4,2025-09-28,355
Dragon Ball Carddass Hondan Part 3 No.100 Frieza (Prism),psa,psa_2,2025-09-28,362
Dragon Ball Carddass Hondan Part 3 No.100 Frieza (Prism),psa,psa_10,2025-10-28,47
Dragon Ball Carddass Hondan Part 3 No.100 Frieza (Prism),psa,psa_9,2025-10-28,229
Dragon Ball Carddass Hondan Part 3 No.100 Frieza (Prism),psa,psa_7,2025-10-28,558
Dragon Ball Carddass Hondan Part 3 No.100 Frieza (Prism),psa,psa_4,2025-10-28,357
Dragon Ball Carddass Hondan Part 3 No.100 Frieza (Prism),psa,psa_2,2025-10-28,364
Dragon Ball Carddass Hondan Part 3 No.100 Frieza (Prism),psa,psa_10,2025-11-27,47
Dragon Ball Carddass Hondan Part 3 No.100 Frieza (Prism),psa,psa_9,2025-11-27,230
Dragon Ball Carddass Hondan Part 3 No.100 Frieza (Prism),psa,psa_7,2025-11-27,561
Dragon Ball Carddass Hondan Part 3 No.100 Frieza (Prism),psa,psa_4,2025-11-27,359
Dragon Ball Carddass Hondan Part 3 No.100 Frieza (Prism),psa,psa_2,2025-11-27,366
Dragon Ball Carddass Hondan Part 3 No.100 Frieza (Prism),psa,psa_10,2025-12-27,47
Dragon Ball Carddass Hondan Part 3 No.100 Frieza (Prism),psa,psa_9,2025-12-27,231
Dragon Ball Carddass Hondan Part 3 No.100 Frieza (Prism),psa,psa_7,2025-12-27,564
Dragon Ball Carddass Hondan Part 3 No.100 Frieza (Prism),psa,psa_4,2025-12-27,360
Dragon Ball Carddass Hondan Part 3 No.100 Frieza (Prism),psa,psa_2,2025-12-27,368
Dragon Ball Carddass Hondan Part 3 No.100 Frieza (Prism),psa,psa_10,2026-01-26,47
Dragon Ball Carddass Hondan Part 3 No.100 Frieza (Prism),psa,psa_9,2026-01-26,232
Dragon Ball Carddass Hondan Part 3 No.100 Frieza (Prism),psa,psa_7,2026-01-26,566
Dragon Ball Carddass Hondan Part 3 No.100 Frieza (Prism),psa,psa_4,2026-01-26,362
Dragon Ball Carddass Hondan Part 3 No.100 Frieza (Prism),psa,psa_2,2026-01-26,370
Dragon Ball Carddass Hondan Part 3 No.100 Frieza (Prism),psa,psa_10,2026-02-25,48
Dragon Ball Carddass Hondan Part 3 No.100 Frieza (Prism),psa,psa_9,2026-02-25,233
Dragon Ball Carddass Hondan Part 3 No.100 Frieza (Prism),psa,psa_7,2026-02-25,569
Dragon Ball Carddass Hondan Part 3 No.100 Frieza (Prism),psa,psa_4,2026-02-25,364
Dragon Ball Carddass Hondan Part 3 No.100 Frieza (Prism),psa,psa_2,2026-02-25,372
Dragon Ball Carddass Hondan Part 3 No.100 Frieza (Prism),psa,psa_10,2026-03-27,48
Dragon Ball Carddass Hondan Part 3 No.100 Frieza (Prism),psa,psa_9,2026-03-27,234
Dragon Ball Carddass Hondan Part 3 No.100 Frieza (Prism),psa,psa_7,2026-03-27,572
Dragon Ball Carddass Hondan Part 3 No.100 Frieza (Prism),psa,psa_4,2026-03-27,366
Dragon Ball Carddass Hondan Part 3 No.100 Frieza (Prism),psa,psa_2,2026-03-27,373
Dragon Ball Carddass Hondan Part 3 No.100 Frieza (Prism),psa,psa_10,2026-04-26,48
Dragon Ball Carddass Hondan Part 3 No.100 Frieza (Prism),psa,psa_9,2026-04-26,236
Dragon Ball Carddass Hondan Part 3 No.100 Frieza (Prism),psa,psa_7,2026-04-26,575
Dragon Ball Carddass Hondan Part 3 No.100 Frieza (Prism),psa,psa_4,2026-04-26,368
Dragon Ball Carddass Hondan Part 3 No.100 Frieza (Prism),psa,psa_2,2026-04-26,375
Dragon Ball Carddass Hondan Part 3 No.100 Frieza (Prism),psa,psa_10,2026-05-26,48
Dragon Ball Carddass Hondan Part 3 No.100 Frieza (Prism),psa,psa_9,2026-05-26,237
Dragon Ball Carddass Hondan Part 3 No.100 Frieza (Prism),psa,psa_7,2026-05-26,578
Dragon Ball Carddass Hondan Part 3 No.100 Frieza (Prism),psa,psa_4,2026-05-26,369
Dragon Ball Carddass Hondan Part 3 No.100 Frieza (Prism),psa,psa_2,2026-05-26,377
Dragon Ball Carddass Hondan Part 3 No.100 Frieza (Prism),psa,psa_10,2026-06-25,49
Dragon Ball Carddass Hondan Part 3 No.100 Frieza (Prism),psa,psa_9,2026-06-25,238
Dragon Ball Carddass Hondan Part 3 No.100 Frieza (Prism),psa,psa_7,2026-06-25,581
Dragon Ball Carddass Hondan Part 3 No.100 Frieza (Prism),psa,psa_4,2026-06-25,371
Dragon Ball Carddass Hondan Part 3 No.100 Frieza (Prism),psa,psa_2,2026-06-25,379
Dragon Ball Carddass Hondan Part 3 No.100 Frieza (Prism),psa,psa_10,2026-07-25,49
Dragon Ball Carddass Hondan Part 3 No.100 Frieza (Prism),psa,psa_9,2026-07-25,239
Dragon Ball Carddass Hondan Part 3 No.100 Frieza (Prism),psa,psa_7,2026-07-25,584
Dragon Ball Carddass Hondan Part 3 No.100 Frieza (Prism),psa,psa_4,2026-07-25,373
Dragon Ball Carddass Hondan Part 3 No.100 Frieza (Prism),psa,psa_2,2026-07-25,381
Pikachu CoroCoro Comic Promo #025,psa,psa_10,2025-05-31,50
Pikachu CoroCoro Comic Promo #025,psa,psa_9,2025-05-31,253
Pikachu CoroCoro Comic Promo #025,psa,psa_7,2025-05-31,541
Pikachu CoroCoro Comic Promo #025,psa,psa_4,2025-05-31,389
Pikachu CoroCoro Comic Promo #025,psa,psa_2,2025-05-31,440
Pikachu CoroCoro Comic Promo #025,psa,psa_10,2025-06-30,51
Pikachu CoroCoro Comic Promo #025,psa,psa_9,2025-06-30,255
Pikachu CoroCoro Comic Promo #025,psa,psa_7,2025-06-30,545
Pikachu CoroCoro Comic Promo #025,psa,psa_4,2025-06-30,392
Pikachu CoroCoro Comic Promo #025,psa,psa_2,2025-06-30,443
Pikachu CoroCoro Comic Promo #025,psa,psa_10,2025-07-30,51
Pikachu CoroCoro Comic Promo #025,psa,psa_9,2025-07-30,256
Pikachu CoroCoro Comic Promo #025,psa,psa_7,2025-07-30,549
Pikachu CoroCoro Comic Promo #025,psa,psa_4,2025-07-30,394
Pikachu CoroCoro Comic Promo #025,psa,psa_2,2025-07-30,446
Pikachu CoroCoro Comic Promo #025,psa,psa_10,2025-08-29,51
Pikachu CoroCoro Comic Promo #025,psa,psa_9,2025-08-29,258
Pikachu CoroCoro Comic Promo #025,psa,psa_7,2025-08-29,553
Pikachu CoroCoro Comic Promo #025,psa,psa_4,2025-08-29,397
Pikachu CoroCoro Comic Promo #025,psa,psa_2,2025-08-29,449
Pikachu CoroCoro Comic Promo #025,psa,psa_10,2025-09-28,52
Pikachu CoroCoro Comic Promo #025,psa,psa_9,2025-09-28,260
Pikachu CoroCoro Comic Promo #025,psa,psa_7,2025-09-28,556
Pikachu CoroCoro Comic Promo #025,psa,psa_4,2025-09-28,400
Pikachu CoroCoro Comic Promo #025,psa,psa_2,2025-09-28,452
Pikachu CoroCoro Comic Promo #025,psa,psa_10,2025-10-28,52
Pikachu CoroCoro Comic Promo #025,psa,psa_9,2025-10-28,262
Pikachu CoroCoro Comic Promo #025,psa,psa_7,2025-10-28,560
Pikachu CoroCoro Comic Promo #025,psa,psa_4,2025-10-28,403
Pikachu CoroCoro Comic Promo #025,psa,psa_2,2025-10-28,456
Pikachu CoroCoro Comic Promo #025,psa,psa_10,2025-11-27,52
Pikachu CoroCoro Comic Promo #025,psa,psa_9,2025-11-27,264
Pikachu CoroCoro Comic Promo #025,psa,psa_7,2025-11-27,564
Pikachu CoroCoro Comic Promo #025,psa,psa_4,2025-11-27,406
Pikachu CoroCoro Comic Promo #025,psa,psa_2,2025-11-27,459
Pikachu CoroCoro Comic Promo #025,psa,psa_10,2025-12-27,53
Pikachu CoroCoro Comic Promo #025,psa,psa_9,2025-12-27,266
Pikachu CoroCoro Comic Promo #025,psa,psa_7,2025-12-27,568
Pikachu CoroCoro Comic Promo #025,psa,psa_4,2025-12-27,408
Pikachu CoroCoro Comic Promo #025,psa,psa_2,2025-12-27,462
Pikachu CoroCoro Comic Promo #025,psa,psa_10,2026-01-26,53
Pikachu CoroCoro Comic Promo #025,psa,psa_9,2026-01-26,267
Pikachu CoroCoro Comic Promo #025,psa,psa_7,2026-01-26,572
Pikachu CoroCoro Comic Promo #025,psa,psa_4,2026-01-26,411
Pikachu CoroCoro Comic Promo #025,psa,psa_2,2026-01-26,465
Pikachu CoroCoro Comic Promo #025,psa,psa_10,2026-02-25,53
Pikachu CoroCoro Comic Promo #025,psa,psa_9,2026-02-25,269
Pikachu CoroCoro Comic Promo #025,psa,psa_7,2026-02-25,576
Pikachu CoroCoro Comic Promo #025,psa,psa_4,2026-02-25,414
Pikachu CoroCoro Comic Promo #025,psa,psa_2,2026-02-25,468
Pikachu CoroCoro Comic Promo #025,psa,psa_10,2026-03-27,54
Pikachu CoroCoro Comic Promo #025,psa,psa_9,2026-03-27,271
Pikachu CoroCoro Comic Promo #025,psa,psa_7,2026-03-27,580
Pikachu CoroCoro Comic Promo #025,psa,psa_4,2026-03-27,417
Pikachu CoroCoro Comic Promo #025,psa,psa_2,2026-03-27,472
Pikachu CoroCoro Comic Promo #025,psa,psa_10,2026-04-26,54
Pikachu CoroCoro Comic Promo #025,psa,psa_9,2026-04-26,273
Pikachu CoroCoro Comic Promo #025,psa,psa_7,2026-04-26,584
Pikachu CoroCoro Comic Promo #025,psa,psa_4,2026-04-26,420
Pikachu CoroCoro Comic Promo #025,psa,psa_2,2026-04-26,475
Pikachu CoroCoro Comic Promo #025,psa,psa_10,2026-05-26,55
Pikachu CoroCoro Comic Promo #025,psa,psa_9,2026-05-26,275
Pikachu CoroCoro Comic Promo #025,psa,psa_7,2026-05-26,588
Pikachu CoroCoro Comic Promo #025,psa,psa_4,2026-05-26,423
Pikachu CoroCoro Comic Promo #025,psa,psa_2,2026-05-26,478
Pikachu CoroCoro Comic Promo #025,psa,psa_10,2026-06-25,57
Pikachu CoroCoro Comic Promo #025,psa,psa_9,2026-06-25,289
Pikachu CoroCoro Comic Promo #025,psa,psa_7,2026-06-25,618
Pikachu CoroCoro Comic Promo #025,psa,psa_4,2026-06-25,444
Pikachu CoroCoro Comic Promo #025,psa,psa_2,2026-06-25,502
Pikachu CoroCoro Comic Promo #025,psa,psa_10,2026-07-25,60
Pikachu CoroCoro Comic Promo #025,psa,psa_9,2026-07-25,303
Pikachu CoroCoro Comic Promo #025,psa,psa_7,2026-07-25,649
Pikachu CoroCoro Comic Promo #025,psa,psa_4,2026-07-25,466
Pikachu CoroCoro Comic Promo #025,psa,psa_2,2026-07-25,527
Jigglypuff CoroCoro Comic Promo #039,psa,psa_10,2025-05-31,49
Jigglypuff CoroCoro Comic Promo #039,psa,psa_9,2025-05-31,252
Jigglypuff CoroCoro Comic Promo #039,psa,psa_7,2025-05-31,428
Jigglypuff CoroCoro Comic Promo #039,psa,psa_4,2025-05-31,454
Jigglypuff CoroCoro Comic Promo #039,psa,psa_2,2025-05-31,433
Jigglypuff CoroCoro Comic Promo #039,psa,psa_10,2025-06-30,50
Jigglypuff CoroCoro Comic Promo #039,psa,psa_9,2025-06-30,254
Jigglypuff CoroCoro Comic Promo #039,psa,psa_7,2025-06-30,431
Jigglypuff CoroCoro Comic Promo #039,psa,psa_4,2025-06-30,458
Jigglypuff CoroCoro Comic Promo #039,psa,psa_2,2025-06-30,436
Jigglypuff CoroCoro Comic Promo #039,psa,psa_10,2025-07-30,50
Jigglypuff CoroCoro Comic Promo #039,psa,psa_9,2025-07-30,256
Jigglypuff CoroCoro Comic Promo #039,psa,psa_7,2025-07-30,435
Jigglypuff CoroCoro Comic Promo #039,psa,psa_4,2025-07-30,461
Jigglypuff CoroCoro Comic Promo #039,psa,psa_2,2025-07-30,440
Jigglypuff CoroCoro Comic Promo #039,psa,psa_10,2025-08-29,50
Jigglypuff CoroCoro Comic Promo #039,psa,psa_9,2025-08-29,258
Jigglypuff CoroCoro Comic Promo #039,psa,psa_7,2025-08-29,438
Jigglypuff CoroCoro Comic Promo #039,psa,psa_4,2025-08-29,465
Jigglypuff CoroCoro Comic Promo #039,psa,psa_2,2025-08-29,443
Jigglypuff CoroCoro Comic Promo #039,psa,psa_10,2025-09-28,51
Jigglypuff CoroCoro Comic Promo #039,psa,psa_9,2025-09-28,260
Jigglypuff CoroCoro Comic Promo #039,psa,psa_7,2025-09-28,442
Jigglypuff CoroCoro Comic Promo #039,psa,psa_4,2025-09-28,469
Jigglypuff CoroCoro Comic Promo #039,psa,psa_2,2025-09-28,447
Jigglypuff CoroCoro Comic Promo #039,psa,psa_10,2025-10-28,51
Jigglypuff CoroCoro Comic Promo #039,psa,psa_9,2025-10-28,263
Jigglypuff CoroCoro Comic Promo #039,psa,psa_7,2025-10-28,445
Jigglypuff CoroCoro Comic Promo #039,psa,psa_4,2025-10-28,472
Jigglypuff CoroCoro Comic Promo #039,psa,psa_2,2025-10-28,451
Jigglypuff CoroCoro Comic Promo #039,psa,psa_10,2025-11-27,52
Jigglypuff CoroCoro Comic Promo #039,psa,psa_9,2025-11-27,265
Jigglypuff CoroCoro Comic Promo #039,psa,psa_7,2025-11-27,449
Jigglypuff CoroCoro Comic Promo #039,psa,psa_4,2025-11-27,476
Jigglypuff CoroCoro Comic Promo #039,psa,psa_2,2025-11-27,454
Jigglypuff CoroCoro Comic Promo #039,psa,psa_10,2025-12-27,52
Jigglypuff CoroCoro Comic Promo #039,psa,psa_9,2025-12-27,267
Jigglypuff CoroCoro Comic Promo #039,psa,psa_7,2025-12-27,452
Jigglypuff CoroCoro Comic Promo #039,psa,psa_4,2025-12-27,480
Jigglypuff CoroCoro Comic Promo #039,psa,psa_2,2025-12-27,458
Jigglypuff CoroCoro Comic Promo #039,psa,psa_10,2026-01-26,52
Jigglypuff CoroCoro Comic Promo #039,psa,psa_9,2026-01-26,269
Jigglypuff CoroCoro Comic Promo #039,psa,psa_7,2026-01-26,456
Jigglypuff CoroCoro Comic Promo #039,psa,psa_4,2026-01-26,484
Jigglypuff CoroCoro Comic Promo #039,psa,psa_2,2026-01-26,461
Jigglypuff CoroCoro Comic Promo #039,psa,psa_10,2026-02-25,53
Jigglypuff CoroCoro Comic Promo #039,psa,psa_9,2026-02-25,271
Jigglypuff CoroCoro Comic Promo #039,psa,psa_7,2026-02-25,460
Jigglypuff CoroCoro Comic Promo #039,psa,psa_4,2026-02-25,488
Jigglypuff CoroCoro Comic Promo #039,psa,psa_2,2026-02-25,465
Jigglypuff CoroCoro Comic Promo #039,psa,psa_10,2026-03-27,53
Jigglypuff CoroCoro Comic Promo #039,psa,psa_9,2026-03-27,273
Jigglypuff CoroCoro Comic Promo #039,psa,psa_7,2026-03-27,463
Jigglypuff CoroCoro Comic Promo #039,psa,psa_4,2026-03-27,492
Jigglypuff CoroCoro Comic Promo #039,psa,psa_2,2026-03-27,469
Jigglypuff CoroCoro Comic Promo #039,psa,psa_10,2026-04-26,54
Jigglypuff CoroCoro Comic Promo #039,psa,psa_9,2026-04-26,275
Jigglypuff CoroCoro Comic Promo #039,psa,psa_7,2026-04-26,467
Jigglypuff CoroCoro Comic Promo #039,psa,psa_4,2026-04-26,496
Jigglypuff CoroCoro Comic Promo #039,psa,psa_2,2026-04-26,473
Jigglypuff CoroCoro Comic Promo #039,psa,psa_10,2026-05-26,54
Jigglypuff CoroCoro Comic Promo #039,psa,psa_9,2026-05-26,278
Jigglypuff CoroCoro Comic Promo #039,psa,psa_7,2026-05-26,471
Jigglypuff CoroCoro Comic Promo #039,psa,psa_4,2026-05-26,499
Jigglypuff CoroCoro Comic Promo #039,psa,psa_2,2026-05-26,476
Jigglypuff CoroCoro Comic Promo #039,psa,psa_10,2026-06-25,55
Jigglypuff CoroCoro Comic Promo #039,psa,psa_9,2026-06-25,280
Jigglypuff CoroCoro Comic Promo #039,psa,psa_7,2026-06-25,474
Jigglypuff CoroCoro Comic Promo #039,psa,psa_4,2026-06-25,503
Jigglypuff CoroCoro Comic Promo #039,psa,psa_2,2026-06-25,480
Jigglypuff CoroCoro Comic Promo #039,psa,psa_10,2026-07-25,55
Jigglypuff CoroCoro Comic Promo #039,psa,psa_9,2026-07-25,282
Jigglypuff CoroCoro Comic Promo #039,psa,psa_7,2026-07-25,478
Jigglypuff CoroCoro Comic Promo #039,psa,psa_4,2026-07-25,507
Jigglypuff CoroCoro Comic Promo #039,psa,psa_2,2026-07-25,484
Charizard Topsun (Blue Back),psa,psa_10,2025-05-31,52
Charizard Topsun (Blue Back),psa,psa_9,2025-05-31,235
Charizard Topsun (Blue Back),psa,psa_7,2025-05-31,544
Charizard Topsun (Blue Back),psa,psa_4,2025-05-31,308
Charizard Topsun (Blue Back),psa,psa_2,2025-05-31,429
Charizard Topsun (Blue Back),psa,psa_10,2025-06-30,52
Charizard Topsun (Blue Back),psa,psa_9,2025-06-30,236
Charizard Topsun (Blue Back),psa,psa_7,2025-06-30,547
Charizard Topsun (Blue Back),psa,psa_4,2025-06-30,310
Charizard Topsun (Blue Back),psa,psa_2,2025-06-30,432
Charizard Topsun (Blue Back),psa,psa_10,2025-07-30,53
Charizard Topsun (Blue Back),psa,psa_9,2025-07-30,237
Charizard Topsun (Blue Back),psa,psa_7,2025-07-30,550
Charizard Topsun (Blue Back),psa,psa_4,2025-07-30,312
Charizard Topsun (Blue Back),psa,psa_2,2025-07-30,434
Charizard Topsun (Blue Back),psa,psa_10,2025-08-29,53
Charizard Topsun (Blue Back),psa,psa_9,2025-08-29,239
Charizard Topsun (Blue Back),psa,psa_7,2025-08-29,554
Charizard Topsun (Blue Back),psa,psa_4,2025-08-29,314
Charizard Topsun (Blue Back),psa,psa_2,2025-08-29,437
Charizard Topsun (Blue Back),psa,psa_10,2025-09-28,53
Charizard Topsun (Blue Back),psa,psa_9,2025-09-28,240
Charizard Topsun (Blue Back),psa,psa_7,2025-09-28,557
Charizard Topsun (Blue Back),psa,psa_4,2025-09-28,316
Charizard Topsun (Blue Back),psa,psa_2,2025-09-28,440
Charizard Topsun (Blue Back),psa,psa_10,2025-10-28,54
Charizard Topsun (Blue Back),psa,psa_9,2025-10-28,242
Charizard Topsun (Blue Back),psa,psa_7,2025-10-28,560
Charizard Topsun (Blue Back),psa,psa_4,2025-10-28,318
Charizard Topsun (Blue Back),psa,psa_2,2025-10-28,442
Charizard Topsun (Blue Back),psa,psa_10,2025-11-27,54
Charizard Topsun (Blue Back),psa,psa_9,2025-11-27,243
Charizard Topsun (Blue Back),psa,psa_7,2025-11-27,564
Charizard Topsun (Blue Back),psa,psa_4,2025-11-27,320
Charizard Topsun (Blue Back),psa,psa_2,2025-11-27,445
Charizard Topsun (Blue Back),psa,psa_10,2025-12-27,54
Charizard Topsun (Blue Back),psa,psa_9,2025-12-27,245
Charizard Topsun (Blue Back),psa,psa_7,2025-12-27,567
Charizard Topsun (Blue Back),psa,psa_4,2025-12-27,321
Charizard Topsun (Blue Back),psa,psa_2,2025-12-27,448
Charizard Topsun (Blue Back),psa,psa_10,2026-01-26,55
Charizard Topsun (Blue Back),psa,psa_9,2026-01-26,246
Charizard Topsun (Blue Back),psa,psa_7,2026-01-26,571
Charizard Topsun (Blue Back),psa,psa_4,2026-01-26,323
Charizard Topsun (Blue Back),psa,psa_2,2026-01-26,450
Charizard Topsun (Blue Back),psa,psa_10,2026-02-25,55
Charizard Topsun (Blue Back),psa,psa_9,2026-02-25,247
Charizard Topsun (Blue Back),psa,psa_7,2026-02-25,574
Charizard Topsun (Blue Back),psa,psa_4,2026-02-25,325
Charizard Topsun (Blue Back),psa,psa_2,2026-02-25,453
Charizard Topsun (Blue Back),psa,psa_10,2026-03-27,55
Charizard Topsun (Blue Back),psa,psa_9,2026-03-27,249
Charizard Topsun (Blue Back),psa,psa_7,2026-03-27,577
Charizard Topsun (Blue Back),psa,psa_4,2026-03-27,327
Charizard Topsun (Blue Back),psa,psa_2,2026-03-27,456
Charizard Topsun (Blue Back),psa,psa_10,2026-04-26,56
Charizard Topsun (Blue Back),psa,psa_9,2026-04-26,250
Charizard Topsun (Blue Back),psa,psa_7,2026-04-26,581
Charizard Topsun (Blue Back),psa,psa_4,2026-04-26,329
Charizard Topsun (Blue Back),psa,psa_2,2026-04-26,458
Charizard Topsun (Blue Back),psa,psa_10,2026-05-26,56
Charizard Topsun (Blue Back),psa,psa_9,2026-05-26,252
Charizard Topsun (Blue Back),psa,psa_7,2026-05-26,584
Charizard Topsun (Blue Back),psa,psa_4,2026-05-26,331
Charizard Topsun (Blue Back),psa,psa_2,2026-05-26,461
Charizard Topsun (Blue Back),psa,psa_10,2026-06-25,56
Charizard Topsun (Blue Back),psa,psa_9,2026-06-25,253
Charizard Topsun (Blue Back),psa,psa_7,2026-06-25,588
Charizard Topsun (Blue Back),psa,psa_4,2026-06-25,333
Charizard Topsun (Blue Back),psa,psa_2,2026-06-25,464
Charizard Topsun (Blue Back),psa,psa_10,2026-07-25,63
Charizard Topsun (Blue Back),psa,psa_9,2026-07-25,284
Charizard Topsun (Blue Back),psa,psa_7,2026-07-25,658
Charizard Topsun (Blue Back),psa,psa_4,2026-07-25,373
Charizard Topsun (Blue Back),psa,psa_2,2026-07-25,520
Pikachu JR East Rally Promo,psa,psa_10,2025-05-31,45
Pikachu JR East Rally Promo,psa,psa_9,2025-05-31,253
Pikachu JR East Rally Promo,psa,psa_7,2025-05-31,438
Pikachu JR East Rally Promo,psa,psa_4,2025-05-31,367
Pikachu JR East Rally Promo,psa,psa_2,2025-05-31,361
Pikachu JR East Rally Promo,psa,psa_10,2025-06-30,45
Pikachu JR East Rally Promo,psa,psa_9,2025-06-30,255
Pikachu JR East Rally Promo,psa,psa_7,2025-06-30,440
Pikachu JR East Rally Promo,psa,psa_4,2025-06-30,369
Pikachu JR East Rally Promo,psa,psa_2,2025-06-30,363
Pikachu JR East Rally Promo,psa,psa_10,2025-07-30,46
Pikachu JR East Rally Promo,psa,psa_9,2025-07-30,256
Pikachu JR East Rally Promo,psa,psa_7,2025-07-30,442
Pikachu JR East Rally Promo,psa,psa_4,2025-07-30,371
Pikachu JR East Rally Promo,psa,psa_2,2025-07-30,365
Pikachu JR East Rally Promo,psa,psa_10,2025-08-29,46
Pikachu JR East Rally Promo,psa,psa_9,2025-08-29,257
Pikachu JR East Rally Promo,psa,psa_7,2025-08-29,445
Pikachu JR East Rally Promo,psa,psa_4,2025-08-29,373
Pikachu JR East Rally Promo,psa,psa_2,2025-08-29,367
Pikachu JR East Rally Promo,psa,psa_10,2025-09-28,46
Pikachu JR East Rally Promo,psa,psa_9,2025-09-28,258
Pikachu JR East Rally Promo,psa,psa_7,2025-09-28,447
Pikachu JR East Rally Promo,psa,psa_4,2025-09-28,375
Pikachu JR East Rally Promo,psa,psa_2,2025-09-28,368
Pikachu JR East Rally Promo,psa,psa_10,2025-10-28,46
Pikachu JR East Rally Promo,psa,psa_9,2025-10-28,260
Pikachu JR East Rally Promo,psa,psa_7,2025-10-28,449
Pikachu JR East Rally Promo,psa,psa_4,2025-10-28,377
Pikachu JR East Rally Promo,psa,psa_2,2025-10-28,370
Pikachu JR East Rally Promo,psa,psa_10,2025-11-27,47
Pikachu JR East Rally Promo,psa,psa_9,2025-11-27,261
Pikachu JR East Rally Promo,psa,psa_7,2025-11-27,451
Pikachu JR East Rally Promo,psa,psa_4,2025-11-27,378
Pikachu JR East Rally Promo,psa,psa_2,2025-11-27,372
Pikachu JR East Rally Promo,psa,psa_10,2025-12-27,47
Pikachu JR East Rally Promo,psa,psa_9,2025-12-27,262
Pikachu JR East Rally Promo,psa,psa_7,2025-12-27,454
Pikachu JR East Rally Promo,psa,psa_4,2025-12-27,380
Pikachu JR East Rally Promo,psa,psa_2,2025-12-27,374
Pikachu JR East Rally Promo,psa,psa_10,2026-01-26,47
Pikachu JR East Rally Promo,psa,psa_9,2026-01-26,264
Pikachu JR East Rally Promo,psa,psa_7,2026-01-26,456
Pikachu JR East Rally Promo,psa,psa_4,2026-01-26,382
Pikachu JR East Rally Promo,psa,psa_2,2026-01-26,376
Pikachu JR East Rally Promo,psa,psa_10,2026-02-25,47
Pikachu JR East Rally Promo,psa,psa_9,2026-02-25,265
Pikachu JR East Rally Promo,psa,psa_7,2026-02-25,458
Pikachu JR East Rally Promo,psa,psa_4,2026-02-25,384
Pikachu JR East Rally Promo,psa,psa_2,2026-02-25,378
Pikachu JR East Rally Promo,psa,psa_10,2026-03-27,48
Pikachu JR East Rally Promo,psa,psa_9,2026-03-27,266
Pikachu JR East Rally Promo,psa,psa_7,2026-03-27,460
Pikachu JR East Rally Promo,psa,psa_4,2026-03-27,386
Pikachu JR East Rally Promo,psa,psa_2,2026-03-27,380
Pikachu JR East Rally Promo,psa,psa_10,2026-04-26,48
Pikachu JR East Rally Promo,psa,psa_9,2026-04-26,268
Pikachu JR East Rally Promo,psa,psa_7,2026-04-26,463
Pikachu JR East Rally Promo,psa,psa_4,2026-04-26,388
Pikachu JR East Rally Promo,psa,psa_2,2026-04-26,382
Pikachu JR East Rally Promo,psa,psa_10,2026-05-26,48
Pikachu JR East Rally Promo,psa,psa_9,2026-05-26,269
Pikachu JR East Rally Promo,psa,psa_7,2026-05-26,465
Pikachu JR East Rally Promo,psa,psa_4,2026-05-26,390
Pikachu JR East Rally Promo,psa,psa_2,2026-05-26,383
Pikachu JR East Rally Promo,psa,psa_10,2026-06-25,48
Pikachu JR East Rally Promo,psa,psa_9,2026-06-25,270
Pikachu JR East Rally Promo,psa,psa_7,2026-06-25,467
Pikachu JR East Rally Promo,psa,psa_4,2026-06-25,392
Pikachu JR East Rally Promo,psa,psa_2,2026-06-25,385
Pikachu JR East Rally Promo,psa,psa_10,2026-07-25,48
Pikachu JR East Rally Promo,psa,psa_9,2026-07-25,272
Pikachu JR East Rally Promo,psa,psa_7,2026-07-25,470
Pikachu JR East Rally Promo,psa,psa_4,2026-07-25,394
Pikachu JR East Rally Promo,psa,psa_2,2026-07-25,387
Mechanicalchaser (Tournament Pack 1),psa,psa_10,2025-05-31,53
Mechanicalchaser (Tournament Pack 1),psa,psa_9,2025-05-31,238
Mechanicalchaser (Tournament Pack 1),psa,psa_7,2025-05-31,435
Mechanicalchaser (Tournament Pack 1),psa,psa_4,2025-05-31,358
Mechanicalchaser (Tournament Pack 1),psa,psa_2,2025-05-31,426
Mechanicalchaser (Tournament Pack 1),psa,psa_10,2025-06-30,53
Mechanicalchaser (Tournament Pack 1),psa,psa_9,2025-06-30,240
Mechanicalchaser (Tournament Pack 1),psa,psa_7,2025-06-30,439
Mechanicalchaser (Tournament Pack 1),psa,psa_4,2025-06-30,361
Mechanicalchaser (Tournament Pack 1),psa,psa_2,2025-06-30,430
Mechanicalchaser (Tournament Pack 1),psa,psa_10,2025-07-30,54
Mechanicalchaser (Tournament Pack 1),psa,psa_9,2025-07-30,242
Mechanicalchaser (Tournament Pack 1),psa,psa_7,2025-07-30,442
Mechanicalchaser (Tournament Pack 1),psa,psa_4,2025-07-30,364
Mechanicalchaser (Tournament Pack 1),psa,psa_2,2025-07-30,433
Mechanicalchaser (Tournament Pack 1),psa,psa_10,2025-08-29,54
Mechanicalchaser (Tournament Pack 1),psa,psa_9,2025-08-29,244
Mechanicalchaser (Tournament Pack 1),psa,psa_7,2025-08-29,446
Mechanicalchaser (Tournament Pack 1),psa,psa_4,2025-08-29,367
Mechanicalchaser (Tournament Pack 1),psa,psa_2,2025-08-29,437
Mechanicalchaser (Tournament Pack 1),psa,psa_10,2025-09-28,55
Mechanicalchaser (Tournament Pack 1),psa,psa_9,2025-09-28,246
Mechanicalchaser (Tournament Pack 1),psa,psa_7,2025-09-28,449
Mechanicalchaser (Tournament Pack 1),psa,psa_4,2025-09-28,370
Mechanicalchaser (Tournament Pack 1),psa,psa_2,2025-09-28,440
Mechanicalchaser (Tournament Pack 1),psa,psa_10,2025-10-28,55
Mechanicalchaser (Tournament Pack 1),psa,psa_9,2025-10-28,248
Mechanicalchaser (Tournament Pack 1),psa,psa_7,2025-10-28,453
Mechanicalchaser (Tournament Pack 1),psa,psa_4,2025-10-28,373
Mechanicalchaser (Tournament Pack 1),psa,psa_2,2025-10-28,444
Mechanicalchaser (Tournament Pack 1),psa,psa_10,2025-11-27,56
Mechanicalchaser (Tournament Pack 1),psa,psa_9,2025-11-27,250
Mechanicalchaser (Tournament Pack 1),psa,psa_7,2025-11-27,456
Mechanicalchaser (Tournament Pack 1),psa,psa_4,2025-11-27,376
Mechanicalchaser (Tournament Pack 1),psa,psa_2,2025-11-27,447
Mechanicalchaser (Tournament Pack 1),psa,psa_10,2025-12-27,56
Mechanicalchaser (Tournament Pack 1),psa,psa_9,2025-12-27,252
Mechanicalchaser (Tournament Pack 1),psa,psa_7,2025-12-27,460
Mechanicalchaser (Tournament Pack 1),psa,psa_4,2025-12-27,379
Mechanicalchaser (Tournament Pack 1),psa,psa_2,2025-12-27,451
Mechanicalchaser (Tournament Pack 1),psa,psa_10,2026-01-26,57
Mechanicalchaser (Tournament Pack 1),psa,psa_9,2026-01-26,254
Mechanicalchaser (Tournament Pack 1),psa,psa_7,2026-01-26,464
Mechanicalchaser (Tournament Pack 1),psa,psa_4,2026-01-26,382
Mechanicalchaser (Tournament Pack 1),psa,psa_2,2026-01-26,455
Mechanicalchaser (Tournament Pack 1),psa,psa_10,2026-02-25,57
Mechanicalchaser (Tournament Pack 1),psa,psa_9,2026-02-25,256
Mechanicalchaser (Tournament Pack 1),psa,psa_7,2026-02-25,467
Mechanicalchaser (Tournament Pack 1),psa,psa_4,2026-02-25,385
Mechanicalchaser (Tournament Pack 1),psa,psa_2,2026-02-25,458
Mechanicalchaser (Tournament Pack 1),psa,psa_10,2026-03-27,57
Mechanicalchaser (Tournament Pack 1),psa,psa_9,2026-03-27,258
Mechanicalchaser (Tournament Pack 1),psa,psa_7,2026-03-27,471
Mechanicalchaser (Tournament Pack 1),psa,psa_4,2026-03-27,388
Mechanicalchaser (Tournament Pack 1),psa,psa_2,2026-03-27,462
Mechanicalchaser (Tournament Pack 1),psa,psa_10,2026-04-26,58
Mechanicalchaser (Tournament Pack 1),psa,psa_9,2026-04-26,260
Mechanicalchaser (Tournament Pack 1),psa,psa_7,2026-04-26,475
Mechanicalchaser (Tournament Pack 1),psa,psa_4,2026-04-26,391
Mechanicalchaser (Tournament Pack 1),psa,psa_2,2026-04-26,466
Mechanicalchaser (Tournament Pack 1),psa,psa_10,2026-05-26,58
Mechanicalchaser (Tournament Pack 1),psa,psa_9,2026-05-26,262
Mechanicalchaser (Tournament Pack 1),psa,psa_7,2026-05-26,479
Mechanicalchaser (Tournament Pack 1),psa,psa_4,2026-05-26,394
Mechanicalchaser (Tournament Pack 1),psa,psa_2,2026-05-26,469
Mechanicalchaser (Tournament Pack 1),psa,psa_10,2026-06-25,59
Mechanicalchaser (Tournament Pack 1),psa,psa_9,2026-06-25,264
Mechanicalchaser (Tournament Pack 1),psa,psa_7,2026-06-25,483
Mechanicalchaser (Tournament Pack 1),psa,psa_4,2026-06-25,398
Mechanicalchaser (Tournament Pack 1),psa,psa_2,2026-06-25,473
Mechanicalchaser (Tournament Pack 1),psa,psa_10,2026-07-25,59
Mechanicalchaser (Tournament Pack 1),psa,psa_9,2026-07-25,266
Mechanicalchaser (Tournament Pack 1),psa,psa_7,2026-07-25,486
Mechanicalchaser (Tournament Pack 1),psa,psa_4,2026-07-25,401
Mechanicalchaser (Tournament Pack 1),psa,psa_2,2026-07-25,477
Morphing Jar (Tournament Pack 2),psa,psa_10,2025-05-31,53
Morphing Jar (Tournament Pack 2),psa,psa_9,2025-05-31,252
Morphing Jar (Tournament Pack 2),psa,psa_7,2025-05-31,519
Morphing Jar (Tournament Pack 2),psa,psa_4,2025-05-31,364
Morphing Jar (Tournament Pack 2),psa,psa_2,2025-05-31,448
Morphing Jar (Tournament Pack 2),psa,psa_10,2025-06-30,54
Morphing Jar (Tournament Pack 2),psa,psa_9,2025-06-30,254
Morphing Jar (Tournament Pack 2),psa,psa_7,2025-06-30,522
Morphing Jar (Tournament Pack 2),psa,psa_4,2025-06-30,366
Morphing Jar (Tournament Pack 2),psa,psa_2,2025-06-30,450
Morphing Jar (Tournament Pack 2),psa,psa_10,2025-07-30,54
Morphing Jar (Tournament Pack 2),psa,psa_9,2025-07-30,255
Morphing Jar (Tournament Pack 2),psa,psa_7,2025-07-30,524
Morphing Jar (Tournament Pack 2),psa,psa_4,2025-07-30,367
Morphing Jar (Tournament Pack 2),psa,psa_2,2025-07-30,452
Morphing Jar (Tournament Pack 2),psa,psa_10,2025-08-29,54
Morphing Jar (Tournament Pack 2),psa,psa_9,2025-08-29,256
Morphing Jar (Tournament Pack 2),psa,psa_7,2025-08-29,527
Morphing Jar (Tournament Pack 2),psa,psa_4,2025-08-29,369
Morphing Jar (Tournament Pack 2),psa,psa_2,2025-08-29,454
Morphing Jar (Tournament Pack 2),psa,psa_10,2025-09-28,54
Morphing Jar (Tournament Pack 2),psa,psa_9,2025-09-28,258
Morphing Jar (Tournament Pack 2),psa,psa_7,2025-09-28,530
Morphing Jar (Tournament Pack 2),psa,psa_4,2025-09-28,371
Morphing Jar (Tournament Pack 2),psa,psa_2,2025-09-28,457
Morphing Jar (Tournament Pack 2),psa,psa_10,2025-10-28,55
Morphing Jar (Tournament Pack 2),psa,psa_9,2025-10-28,259
Morphing Jar (Tournament Pack 2),psa,psa_7,2025-10-28,532
Morphing Jar (Tournament Pack 2),psa,psa_4,2025-10-28,373
Morphing Jar (Tournament Pack 2),psa,psa_2,2025-10-28,459
Morphing Jar (Tournament Pack 2),psa,psa_10,2025-11-27,55
Morphing Jar (Tournament Pack 2),psa,psa_9,2025-11-27,260
Morphing Jar (Tournament Pack 2),psa,psa_7,2025-11-27,535
Morphing Jar (Tournament Pack 2),psa,psa_4,2025-11-27,375
Morphing Jar (Tournament Pack 2),psa,psa_2,2025-11-27,461
Morphing Jar (Tournament Pack 2),psa,psa_10,2025-12-27,55
Morphing Jar (Tournament Pack 2),psa,psa_9,2025-12-27,261
Morphing Jar (Tournament Pack 2),psa,psa_7,2025-12-27,538
Morphing Jar (Tournament Pack 2),psa,psa_4,2025-12-27,377
Morphing Jar (Tournament Pack 2),psa,psa_2,2025-12-27,464
Morphing Jar (Tournament Pack 2),psa,psa_10,2026-01-26,56
Morphing Jar (Tournament Pack 2),psa,psa_9,2026-01-26,263
Morphing Jar (Tournament Pack 2),psa,psa_7,2026-01-26,540
Morphing Jar (Tournament Pack 2),psa,psa_4,2026-01-26,379
Morphing Jar (Tournament Pack 2),psa,psa_2,2026-01-26,466
Morphing Jar (Tournament Pack 2),psa,psa_10,2026-02-25,56
Morphing Jar (Tournament Pack 2),psa,psa_9,2026-02-25,264
Morphing Jar (Tournament Pack 2),psa,psa_7,2026-02-25,543
Morphing Jar (Tournament Pack 2),psa,psa_4,2026-02-25,381
Morphing Jar (Tournament Pack 2),psa,psa_2,2026-02-25,468
Morphing Jar (Tournament Pack 2),psa,psa_10,2026-03-27,56
Morphing Jar (Tournament Pack 2),psa,psa_9,2026-03-27,265
Morphing Jar (Tournament Pack 2),psa,psa_7,2026-03-27,546
Morphing Jar (Tournament Pack 2),psa,psa_4,2026-03-27,382
Morphing Jar (Tournament Pack 2),psa,psa_2,2026-03-27,471
Morphing Jar (Tournament Pack 2),psa,psa_10,2026-04-26,56
Morphing Jar (Tournament Pack 2),psa,psa_9,2026-04-26,267
Morphing Jar (Tournament Pack 2),psa,psa_7,2026-04-26,549
Morphing Jar (Tournament Pack 2),psa,psa_4,2026-04-26,384
Morphing Jar (Tournament Pack 2),psa,psa_2,2026-04-26,473
Morphing Jar (Tournament Pack 2),psa,psa_10,2026-05-26,57
Morphing Jar (Tournament Pack 2),psa,psa_9,2026-05-26,268
Morphing Jar (Tournament Pack 2),psa,psa_7,2026-05-26,551
Morphing Jar (Tournament Pack 2),psa,psa_4,2026-05-26,386
Morphing Jar (Tournament Pack 2),psa,psa_2,2026-05-26,475
Morphing Jar (Tournament Pack 2),psa,psa_10,2026-06-25,57
Morphing Jar (Tournament Pack 2),psa,psa_9,2026-06-25,269
Morphing Jar (Tournament Pack 2),psa,psa_7,2026-06-25,554
Morphing Jar (Tournament Pack 2),psa,psa_4,2026-06-25,388
Morphing Jar (Tournament Pack 2),psa,psa_2,2026-06-25,478
Morphing Jar (Tournament Pack 2),psa,psa_10,2026-07-25,57
Morphing Jar (Tournament Pack 2),psa,psa_9,2026-07-25,271
Morphing Jar (Tournament Pack 2),psa,psa_7,2026-07-25,557
Morphing Jar (Tournament Pack 2),psa,psa_4,2026-07-25,390
Morphing Jar (Tournament Pack 2),psa,psa_2,2026-07-25,480
Cyber-Stein (Shonen Jump Championship Prize),psa,psa_10,2025-05-31,36
Cyber-Stein (Shonen Jump Championship Prize),psa,psa_9,2025-05-31,179
Cyber-Stein (Shonen Jump Championship Prize),psa,psa_7,2025-05-31,554
Cyber-Stein (Shonen Jump Championship Prize),psa,psa_4,2025-05-31,413
Cyber-Stein (Shonen Jump Championship Prize),psa,psa_2,2025-05-31,429
Cyber-Stein (Shonen Jump Championship Prize),psa,psa_10,2025-06-30,36
Cyber-Stein (Shonen Jump Championship Prize),psa,psa_9,2025-06-30,181
Cyber-Stein (Shonen Jump Championship Prize),psa,psa_7,2025-06-30,559
Cyber-Stein (Shonen Jump Championship Prize),psa,psa_4,2025-06-30,416
Cyber-Stein (Shonen Jump Championship Prize),psa,psa_2,2025-06-30,432
Cyber-Stein (Shonen Jump Championship Prize),psa,psa_10,2025-07-30,37
Cyber-Stein (Shonen Jump Championship Prize),psa,psa_9,2025-07-30,182
Cyber-Stein (Shonen Jump Championship Prize),psa,psa_7,2025-07-30,563
Cyber-Stein (Shonen Jump Championship Prize),psa,psa_4,2025-07-30,419
Cyber-Stein (Shonen Jump Championship Prize),psa,psa_2,2025-07-30,436
Cyber-Stein (Shonen Jump Championship Prize),psa,psa_10,2025-08-29,37
Cyber-Stein (Shonen Jump Championship Prize),psa,psa_9,2025-08-29,183
Cyber-Stein (Shonen Jump Championship Prize),psa,psa_7,2025-08-29,568
Cyber-Stein (Shonen Jump Championship Prize),psa,psa_4,2025-08-29,423
Cyber-Stein (Shonen Jump Championship Prize),psa,psa_2,2025-08-29,439
Cyber-Stein (Shonen Jump Championship Prize),psa,psa_10,2025-09-28,37
Cyber-Stein (Shonen Jump Championship Prize),psa,psa_9,2025-09-28,185
Cyber-Stein (Shonen Jump Championship Prize),psa,psa_7,2025-09-28,572
Cyber-Stein (Shonen Jump Championship Prize),psa,psa_4,2025-09-28,426
Cyber-Stein (Shonen Jump Championship Prize),psa,psa_2,2025-09-28,443
Cyber-Stein (Shonen Jump Championship Prize),psa,psa_10,2025-10-28,38
Cyber-Stein (Shonen Jump Championship Prize),psa,psa_9,2025-10-28,186
Cyber-Stein (Shonen Jump Championship Prize),psa,psa_7,2025-10-28,577
Cyber-Stein (Shonen Jump Championship Prize),psa,psa_4,2025-10-28,429
Cyber-Stein (Shonen Jump Championship Prize),psa,psa_2,2025-10-28,446
Cyber-Stein (Shonen Jump Championship Prize),psa,psa_10,2025-11-27,38
Cyber-Stein (Shonen Jump Championship Prize),psa,psa_9,2025-11-27,188
Cyber-Stein (Shonen Jump Championship Prize),psa,psa_7,2025-11-27,582
Cyber-Stein (Shonen Jump Championship Prize),psa,psa_4,2025-11-27,433
Cyber-Stein (Shonen Jump Championship Prize),psa,psa_2,2025-11-27,450
Cyber-Stein (Shonen Jump Championship Prize),psa,psa_10,2025-12-27,38
Cyber-Stein (Shonen Jump Championship Prize),psa,psa_9,2025-12-27,189
Cyber-Stein (Shonen Jump Championship Prize),psa,psa_7,2025-12-27,586
Cyber-Stein (Shonen Jump Championship Prize),psa,psa_4,2025-12-27,436
Cyber-Stein (Shonen Jump Championship Prize),psa,psa_2,2025-12-27,453
Cyber-Stein (Shonen Jump Championship Prize),psa,psa_10,2026-01-26,38
Cyber-Stein (Shonen Jump Championship Prize),psa,psa_9,2026-01-26,191
Cyber-Stein (Shonen Jump Championship Prize),psa,psa_7,2026-01-26,591
Cyber-Stein (Shonen Jump Championship Prize),psa,psa_4,2026-01-26,440
Cyber-Stein (Shonen Jump Championship Prize),psa,psa_2,2026-01-26,457
Cyber-Stein (Shonen Jump Championship Prize),psa,psa_10,2026-02-25,39
Cyber-Stein (Shonen Jump Championship Prize),psa,psa_9,2026-02-25,192
Cyber-Stein (Shonen Jump Championship Prize),psa,psa_7,2026-02-25,596
Cyber-Stein (Shonen Jump Championship Prize),psa,psa_4,2026-02-25,443
Cyber-Stein (Shonen Jump Championship Prize),psa,psa_2,2026-02-25,461
Cyber-Stein (Shonen Jump Championship Prize),psa,psa_10,2026-03-27,39
Cyber-Stein (Shonen Jump Championship Prize),psa,psa_9,2026-03-27,194
Cyber-Stein (Shonen Jump Championship Prize),psa,psa_7,2026-03-27,600
Cyber-Stein (Shonen Jump Championship Prize),psa,psa_4,2026-03-27,447
Cyber-Stein (Shonen Jump Championship Prize),psa,psa_2,2026-03-27,464
Cyber-Stein (Shonen Jump Championship Prize),psa,psa_10,2026-04-26,39
Cyber-Stein (Shonen Jump Championship Prize),psa,psa_9,2026-04-26,195
Cyber-Stein (Shonen Jump Championship Prize),psa,psa_7,2026-04-26,605
Cyber-Stein (Shonen Jump Championship Prize),psa,psa_4,2026-04-26,450
Cyber-Stein (Shonen Jump Championship Prize),psa,psa_2,2026-04-26,468
Cyber-Stein (Shonen Jump Championship Prize),psa,psa_10,2026-05-26,40
Cyber-Stein (Shonen Jump Championship Prize),psa,psa_9,2026-05-26,197
Cyber-Stein (Shonen Jump Championship Prize),psa,psa_7,2026-05-26,610
Cyber-Stein (Shonen Jump Championship Prize),psa,psa_4,2026-05-26,454
Cyber-Stein (Shonen Jump Championship Prize),psa,psa_2,2026-05-26,472
Cyber-Stein (Shonen Jump Championship Prize),psa,psa_10,2026-06-25,40
Cyber-Stein (Shonen Jump Championship Prize),psa,psa_9,2026-06-25,199
Cyber-Stein (Shonen Jump Championship Prize),psa,psa_7,2026-06-25,615
Cyber-Stein (Shonen Jump Championship Prize),psa,psa_4,2026-06-25,458
Cyber-Stein (Shonen Jump Championship Prize),psa,psa_2,2026-06-25,475
Cyber-Stein (Shonen Jump Championship Prize),psa,psa_10,2026-07-25,40
Cyber-Stein (Shonen Jump Championship Prize),psa,psa_9,2026-07-25,200
Cyber-Stein (Shonen Jump Championship Prize),psa,psa_7,2026-07-25,620
Cyber-Stein (Shonen Jump Championship Prize),psa,psa_4,2026-07-25,461
Cyber-Stein (Shonen Jump Championship Prize),psa,psa_2,2026-07-25,479
Needle Worm (Tournament Pack 3),psa,psa_10,2025-05-31,52
Needle Worm (Tournament Pack 3),psa,psa_9,2025-05-31,193
Needle Worm (Tournament Pack 3),psa,psa_7,2025-05-31,558
Needle Worm (Tournament Pack 3),psa,psa_4,2025-05-31,370
Needle Worm (Tournament Pack 3),psa,psa_2,2025-05-31,370
Needle Worm (Tournament Pack 3),psa,psa_10,2025-06-30,52
Needle Worm (Tournament Pack 3),psa,psa_9,2025-06-30,194
Needle Worm (Tournament Pack 3),psa,psa_7,2025-06-30,560
Needle Worm (Tournament Pack 3),psa,psa_4,2025-06-30,372
Needle Worm (Tournament Pack 3),psa,psa_2,2025-06-30,372
Needle Worm (Tournament Pack 3),psa,psa_10,2025-07-30,52
Needle Worm (Tournament Pack 3),psa,psa_9,2025-07-30,195
Needle Worm (Tournament Pack 3),psa,psa_7,2025-07-30,563
Needle Worm (Tournament Pack 3),psa,psa_4,2025-07-30,373
Needle Worm (Tournament Pack 3),psa,psa_2,2025-07-30,373
Needle Worm (Tournament Pack 3),psa,psa_10,2025-08-29,53
Needle Worm (Tournament Pack 3),psa,psa_9,2025-08-29,195
Needle Worm (Tournament Pack 3),psa,psa_7,2025-08-29,566
Needle Worm (Tournament Pack 3),psa,psa_4,2025-08-29,375
Needle Worm (Tournament Pack 3),psa,psa_2,2025-08-29,375
Needle Worm (Tournament Pack 3),psa,psa_10,2025-09-28,53
Needle Worm (Tournament Pack 3),psa,psa_9,2025-09-28,196
Needle Worm (Tournament Pack 3),psa,psa_7,2025-09-28,569
Needle Worm (Tournament Pack 3),psa,psa_4,2025-09-28,377
Needle Worm (Tournament Pack 3),psa,psa_2,2025-09-28,377
Needle Worm (Tournament Pack 3),psa,psa_10,2025-10-28,53
Needle Worm (Tournament Pack 3),psa,psa_9,2025-10-28,197
Needle Worm (Tournament Pack 3),psa,psa_7,2025-10-28,572
Needle Worm (Tournament Pack 3),psa,psa_4,2025-10-28,379
Needle Worm (Tournament Pack 3),psa,psa_2,2025-10-28,379
Needle Worm (Tournament Pack 3),psa,psa_10,2025-11-27,53
Needle Worm (Tournament Pack 3),psa,psa_9,2025-11-27,198
Needle Worm (Tournament Pack 3),psa,psa_7,2025-11-27,575
Needle Worm (Tournament Pack 3),psa,psa_4,2025-11-27,381
Needle Worm (Tournament Pack 3),psa,psa_2,2025-11-27,381
Needle Worm (Tournament Pack 3),psa,psa_10,2025-12-27,54
Needle Worm (Tournament Pack 3),psa,psa_9,2025-12-27,199
Needle Worm (Tournament Pack 3),psa,psa_7,2025-12-27,577
Needle Worm (Tournament Pack 3),psa,psa_4,2025-12-27,383
Needle Worm (Tournament Pack 3),psa,psa_2,2025-12-27,383
Needle Worm (Tournament Pack 3),psa,psa_10,2026-01-26,54
Needle Worm (Tournament Pack 3),psa,psa_9,2026-01-26,200
Needle Worm (Tournament Pack 3),psa,psa_7,2026-01-26,580
Needle Worm (Tournament Pack 3),psa,psa_4,2026-01-26,385
Needle Worm (Tournament Pack 3),psa,psa_2,2026-01-26,385
Needle Worm (Tournament Pack 3),psa,psa_10,2026-02-25,54
Needle Worm (Tournament Pack 3),psa,psa_9,2026-02-25,201
Needle Worm (Tournament Pack 3),psa,psa_7,2026-02-25,583
Needle Worm (Tournament Pack 3),psa,psa_4,2026-02-25,387
Needle Worm (Tournament Pack 3),psa,psa_2,2026-02-25,387
Needle Worm (Tournament Pack 3),psa,psa_10,2026-03-27,55
Needle Worm (Tournament Pack 3),psa,psa_9,2026-03-27,202
Needle Worm (Tournament Pack 3),psa,psa_7,2026-03-27,586
Needle Worm (Tournament Pack 3),psa,psa_4,2026-03-27,389
Needle Worm (Tournament Pack 3),psa,psa_2,2026-03-27,389
Needle Worm (Tournament Pack 3),psa,psa_10,2026-04-26,55
Needle Worm (Tournament Pack 3),psa,psa_9,2026-04-26,203
Needle Worm (Tournament Pack 3),psa,psa_7,2026-04-26,589
Needle Worm (Tournament Pack 3),psa,psa_4,2026-04-26,391
Needle Worm (Tournament Pack 3),psa,psa_2,2026-04-26,391
Needle Worm (Tournament Pack 3),psa,psa_10,2026-05-26,55
Needle Worm (Tournament Pack 3),psa,psa_9,2026-05-26,204
Needle Worm (Tournament Pack 3),psa,psa_7,2026-05-26,592
Needle Worm (Tournament Pack 3),psa,psa_4,2026-05-26,393
Needle Worm (Tournament Pack 3),psa,psa_2,2026-05-26,393
Needle Worm (Tournament Pack 3),psa,psa_10,2026-06-25,55
Needle Worm (Tournament Pack 3),psa,psa_9,2026-06-25,205
Needle Worm (Tournament Pack 3),psa,psa_7,2026-06-25,595
Needle Worm (Tournament Pack 3),psa,psa_4,2026-06-25,395
Needle Worm (Tournament Pack 3),psa,psa_2,2026-06-25,394
Needle Worm (Tournament Pack 3),psa,psa_10,2026-07-25,56
Needle Worm (Tournament Pack 3),psa,psa_9,2026-07-25,207
Needle Worm (Tournament Pack 3),psa,psa_7,2026-07-25,598
Needle Worm (Tournament Pack 3),psa,psa_4,2026-07-25,396
Needle Worm (Tournament Pack 3),psa,psa_2,2026-07-25,396
